ProductName,Category,Price,Rating,NumReviews,Discount,InStock,Description
Product_0,Home,466.73795841697006,3.865293552250729,310,35.33171317337982,No,Sample product description 0
Product_1,Sports,286.9152599587124,1.2883373439946935,869,18.72401999840085,No,Sample product description 1
Product_2,Clothing,351.3589036996772,1.2850269110610344,885,18.474096701569014,No,Sample product description 2
Product_3,Sports,462.02469677687486,1.0484339009395498,977,2.26596394804473,No,Sample product description 3
Product_4,Sports,356.5469308135653,4.82600559319792,153,17.49724697648199,No,Sample product description 4
Product_5,Books,84.74413102798806,3.950033437836028,389,46.464420113102975,Yes,Sample product description 5
Product_6,Clothing,292.38129648173845,2.4130056340082566,259,18.96132685902245,Yes,Sample product description 6
Product_7,Clothing,307.2903727275994,2.186142325150621,619,41.568385311098496,Yes,Sample product description 7
Product_8,Clothing,217.82402893816914,2.398812918983398,882,42.1162752374967,Yes,Sample product description 8
Product_9,Sports,370.8576754561142,4.098614124724728,796,18.662057818961692,Yes,Sample product description 9
Product_10,Home,467.8398372368173,3.6454824442816576,570,31.599434019809454,Yes,Sample product description 10
Product_11,Clothing,463.5285713243204,1.7407822714698717,124,4.7685801136529316,No,Sample product description 11
Product_12,Sports,230.91129198802474,1.6964373413363374,353,5.183929036713825,No,Sample product description 12
Product_13,Books,65.48664246197006,1.3935825988535893,272,2.4328831830856656,Yes,Sample product description 13
Product_14,Home,492.57218749154396,3.6412108788053525,618,29.050754668755474,No,Sample product description 14
Product_15,Books,421.0600623585077,4.057490648886944,810,21.303548881304852,Yes,Sample product description 15
Product_16,Home,71.08471378960076,2.060185713300016,244,27.401617833212004,No,Sample product description 16
Product_17,Sports,461.21252248251244,1.0837798441236512,847,26.05365952541939,No,Sample product description 17
Product_18,Electronics,436.24921741044284,1.3286866699057094,449,17.510149554536515,No,Sample product description 18
Product_19,Home,264.2306479917753,4.871440139380121,929,33.87367074117365,No,Sample product description 19
Product_20,Books,299.7249635150153,2.181779109909681,246,37.925094045819534,No,Sample product description 20
Product_21,Sports,205.51132489636382,4.076892591352534,519,0.7314129438837857,No,Sample product description 21
Product_22,Home,36.83320302279535,3.498654275417055,140,10.362114988443915,Yes,Sample product description 22
Product_23,Electronics,174.24664840649146,2.5277585586115836,361,35.66179340416684,Yes,Sample product description 23
Product_24,Electronics,403.3981898130256,1.8227490487822204,7,19.33100863169171,No,Sample product description 24
Product_25,Clothing,12.2696912722554,1.4855456726376257,477,33.12419734708041,Yes,Sample product description 25
Product_26,Clothing,173.41459412866064,3.4600518721554665,351,17.348132986727922,No,Sample product description 26
Product_27,Books,205.1026598595622,4.0985351225511515,995,19.537757616481855,Yes,Sample product description 27
Product_28,Home,273.3238454395822,3.5756170141645227,494,7.933943684484246,No,Sample product description 28
Product_29,Home,460.72925204225265,3.1212085329966333,605,12.911550983308,Yes,Sample product description 29
Product_30,Clothing,179.709537239321,1.167804893726545,832,30.270587875379363,No,Sample product description 30
Product_31,Home,180.00706892915156,4.873955110377535,426,21.65815556575832,Yes,Sample product description 31
Product_32,Home,371.3756115737767,4.194856766618298,38,38.715134147229755,No,Sample product description 32
Product_33,Electronics,231.5867910360055,2.171288146803859,592,42.62924774691714,Yes,Sample product description 33
Product_34,Clothing,120.05636324059117,4.919881317435403,186,27.082320910837993,No,Sample product description 34
Product_35,Sports,231.69536290501978,3.4075263585452884,595,37.91336460280296,No,Sample product description 35
Product_36,Clothing,79.01993998610193,3.329690632828986,599,15.3452256597285,No,Sample product description 36
Product_37,Sports,96.42962338804942,3.9922927177181284,753,20.74856077000391,Yes,Sample product description 37
Product_38,Electronics,254.20020864234507,4.24707915236055,853,35.63888381084155,Yes,Sample product description 38
Product_39,Books,215.27347025722847,3.6259144293260106,92,19.310599640851535,Yes,Sample product description 39
Product_40,Home,458.274491523369,1.5123829854648,85,29.42524675794944,No,Sample product description 40
Product_41,Electronics,187.57301056715022,2.3530700239779936,43,9.268638954125574,Yes,Sample product description 41
Product_42,Home,294.4882916362413,4.712334561304199,136,29.9885657485249,No,Sample product description 42
Product_43,Books,319.8095010805699,1.8984624473754077,420,43.07568536134468,Yes,Sample product description 43
Product_44,Books,16.41628372828348,2.4886680953500533,73,43.431981991171284,Yes,Sample product description 44
Product_45,Electronics,335.13331228818816,2.728307531776784,547,36.21722031647698,Yes,Sample product description 45
Product_46,Books,97.2376237661782,2.7576199587778087,612,37.2876689538063,Yes,Sample product description 46
Product_47,Sports,480.92445556003304,3.451758329978102,987,27.896372257535035,No,Sample product description 47
Product_48,Books,82.84473659902535,4.772303350978831,511,29.233404508291237,Yes,Sample product description 48
Product_49,Home,213.16582062624164,1.9627708473300198,155,6.6825290705259,Yes,Sample product description 49
Product_50,Home,51.82133735853549,1.4860055052036723,937,22.192959421065055,No,Sample product description 50
Product_51,Home,498.4683834045142,1.7898819594397493,254,22.538814194318192,No,Sample product description 51
Product_52,Home,256.07555506230887,4.547699600837078,170,47.92489178338701,Yes,Sample product description 52
Product_53,Sports,301.73865848682146,3.583243250620824,980,21.554343131164472,Yes,Sample product description 53
Product_54,Clothing,42.867473920329466,2.1436271569566405,727,27.467132245137883,No,Sample product description 54
Product_55,Electronics,377.4806304955971,4.2637877558744695,169,26.662569963955125,No,Sample product description 55
Product_56,Home,112.85374061683703,4.445479985453744,763,31.83808585221636,No,Sample product description 56
Product_57,Books,450.0466018259497,4.386057354761112,871,37.411641566594795,Yes,Sample product description 57
Product_58,Home,110.51842383618352,4.675706134558218,321,11.252093808543606,Yes,Sample product description 58
Product_59,Books,103.43698312519662,2.0089640806934463,566,26.436220954921787,Yes,Sample product description 59
Product_60,Books,27.90933724556649,4.020167714985114,455,41.295885365801524,No,Sample product description 60
Product_61,Home,241.31280310389963,2.84215798909656,943,23.155735691875574,No,Sample product description 61
Product_62,Sports,286.77215529868204,4.367994211560246,602,13.922877318678651,No,Sample product description 62
Product_63,Books,42.19723331989266,3.913962708646453,789,32.73545376781495,Yes,Sample product description 63
Product_64,Books,390.00853218055516,4.1057897859988985,612,41.18836978995615,No,Sample product description 64
Product_65,Home,232.11152902653353,3.624647350724286,154,3.157014646369566,Yes,Sample product description 65
Product_66,Books,266.95123197051424,1.7097150778788275,888,38.83952417036136,No,Sample product description 66
Product_67,Books,225.9737459997318,3.1801076755877533,348,41.08239664808856,Yes,Sample product description 67
Product_68,Home,206.37389982890974,4.938678958098032,450,23.07614637943034,Yes,Sample product description 68
Product_69,Home,284.22376234102677,4.749552265988475,875,49.16528284092337,No,Sample product description 69
Product_70,Electronics,86.06772050604913,1.1726949431880467,652,39.33541703536545,Yes,Sample product description 70
Product_71,Sports,99.14478394268285,1.6592592629177485,172,38.68312824478329,No,Sample product description 71
Product_72,Sports,432.2749542966235,1.5269150938182476,9,37.39192872060359,Yes,Sample product description 72
Product_73,Books,473.59657644548,3.903919639941182,739,7.5304051609137,No,Sample product description 73
Product_74,Sports,192.92156497707893,4.27114131942778,264,10.861544322650541,No,Sample product description 74
Product_75,Books,142.66488984034135,1.8540454652426877,437,23.19950657322125,Yes,Sample product description 75
Product_76,Electronics,325.55977618711773,3.023410771807316,759,13.200217497973293,No,Sample product description 76
Product_77,Home,210.27974383806725,4.3628121120448,246,20.76204861670202,Yes,Sample product description 77
Product_78,Home,22.439314273568982,3.9312061790650024,666,44.42320549614603,No,Sample product description 78
Product_79,Home,86.51477270943327,3.168948821967393,545,41.21634459396346,No,Sample product description 79
Product_80,Sports,360.8263921352248,3.3613907618350916,498,31.501993923999112,No,Sample product description 80
Product_81,Electronics,332.87273153597414,3.03344218766512,128,42.90601971255518,No,Sample product description 81
Product_82,Sports,23.27703632670691,2.1901938052752823,671,39.18861945086246,Yes,Sample product description 82
Product_83,Sports,118.76635934714523,3.2600879714360644,600,21.449246592044524,No,Sample product description 83
Product_84,Electronics,123.22665032815499,3.7555412082003627,604,10.053257602497256,No,Sample product description 84
Product_85,Electronics,339.22744436337695,4.49329166344323,326,25.71005200046696,Yes,Sample product description 85
Product_86,Electronics,19.658163499638434,3.5451654159169923,752,36.8114441264275,Yes,Sample product description 86
Product_87,Electronics,61.01320517244118,4.044486148172632,834,21.820979936479652,Yes,Sample product description 87
Product_88,Home,401.9588818328628,1.640286539818292,979,33.33859548919486,Yes,Sample product description 88
Product_89,Clothing,97.48688440662347,2.8462298976791596,403,4.716371314552181,Yes,Sample product description 89
Product_90,Clothing,329.84559284741863,1.0373264793083732,628,37.40023681857017,Yes,Sample product description 90
Product_91,Electronics,126.709562712896,1.986715458086492,605,40.6356809946531,No,Sample product description 91
Product_92,Clothing,58.726282452079126,3.9058468604520193,674,35.34189278902706,Yes,Sample product description 92
Product_93,Clothing,129.1543735897325,4.967239805397454,610,48.36317937631828,No,Sample product description 93
Product_94,Electronics,363.910796609273,1.3967123983488636,624,41.33260287303202,Yes,Sample product description 94
Product_95,Clothing,429.29126937208,2.605977263445153,358,45.154686393826914,No,Sample product description 95
Product_96,Sports,416.8077336378259,4.200283874796638,602,46.6785541728824,No,Sample product description 96
Product_97,Books,204.61992951304288,1.8161425385155954,857,40.067399593690425,No,Sample product description 97
Product_98,Books,337.36171691961664,3.220339797209145,717,33.71294210032495,Yes,Sample product description 98
Product_99,Electronics,110.44230475375228,3.932285184118699,16,0.2859290680394644,Yes,Sample product description 99
Product_100,Home,153.6423878278965,3.463941801040716,273,23.291287661156236,Yes,Sample product description 100
Product_101,Electronics,449.20455107534866,1.7520989384616645,684,28.55811493111805,Yes,Sample product description 101
Product_102,Home,16.370942520260655,2.4215382747429577,115,15.20151362239998,No,Sample product description 102
Product_103,Books,51.89918011868936,4.135167137941589,860,15.905222345173604,Yes,Sample product description 103
Product_104,Electronics,111.8642650215534,3.2169060565280665,979,48.05797078550826,No,Sample product description 104
Product_105,Sports,23.00077989817166,1.020918454171651,692,44.58554326013729,No,Sample product description 105
Product_106,Clothing,98.90336319400069,4.043963040112375,90,42.45895027508521,Yes,Sample product description 106
Product_107,Home,295.69036487514916,1.1412454197609563,81,20.30059008530553,Yes,Sample product description 107
Product_108,Clothing,216.49802979032398,3.9829351309249286,323,0.6849275204457272,Yes,Sample product description 108
Product_109,Clothing,447.40913842771766,1.8099222406609496,960,4.011112322785704,No,Sample product description 109
Product_110,Electronics,410.547345251836,4.832293920477521,113,15.609818410880184,Yes,Sample product description 110
Product_111,Clothing,177.49050233195922,2.471763005208338,768,0.7871456497838492,No,Sample product description 111
Product_112,Sports,137.11748238133333,2.3077264653523164,57,0.8574890957599057,Yes,Sample product description 112
Product_113,Clothing,196.0492800019608,1.5955522013297787,153,45.83016508212055,No,Sample product description 113
Product_114,Electronics,299.24452183225577,2.2224168619608595,876,35.307925105952705,Yes,Sample product description 114
Product_115,Sports,141.35118400320937,4.506603047312803,403,15.447799503407634,Yes,Sample product description 115
Product_116,Books,315.83296484607564,4.985337350508989,627,6.632228880047658,No,Sample product description 116
Product_117,Clothing,210.6117095737078,2.4732381220273933,854,25.581785894753857,Yes,Sample product description 117
Product_118,Electronics,280.5031186174703,2.7944425238181703,265,0.26730804271822284,Yes,Sample product description 118
Product_119,Books,223.70199927630517,3.888283752810948,314,46.9206871929072,Yes,Sample product description 119
Product_120,Books,154.28822217553966,4.5447831218602985,714,20.74075596944736,Yes,Sample product description 120
Product_121,Home,474.74212041145677,3.3721773367471366,40,20.116747761866637,Yes,Sample product description 121
Product_122,Sports,384.1668391382828,2.5661027927113174,104,19.529680379089108,Yes,Sample product description 122
Product_123,Clothing,78.65545612556174,2.650487363394495,900,3.466416519388238,Yes,Sample product description 123
Product_124,Electronics,435.5493081899773,3.7824725859872275,889,31.91611198959133,No,Sample product description 124
Product_125,Home,248.84128714226168,1.0128730544171147,192,36.65018098141767,No,Sample product description 125
Product_126,Sports,448.3305911781048,3.4783573498393627,400,33.806269879414515,Yes,Sample product description 126
Product_127,Home,401.92907541418447,2.4219720417654296,277,6.921774666469716,Yes,Sample product description 127
Product_128,Sports,218.3546171899244,4.176789325108337,353,28.942008401779628,Yes,Sample product description 128
Product_129,Sports,21.009961076857525,1.3719625592925286,748,28.474224208612693,No,Sample product description 129
Product_130,Clothing,141.65190609862358,3.352809067793562,936,43.4205393970691,No,Sample product description 130
Product_131,Sports,275.4007651838248,2.923891559544495,732,18.95638291878235,Yes,Sample product description 131
Product_132,Home,320.40432771481215,3.5693021036209096,579,18.574297182971712,No,Sample product description 132
Product_133,Sports,136.36496586226912,1.2594143779318734,708,30.92635293590928,Yes,Sample product description 133
Product_134,Clothing,78.28447629568383,3.319935149712525,255,31.65363267497565,Yes,Sample product description 134
Product_135,Clothing,419.11581603165655,3.245938351838095,650,23.46426136628952,Yes,Sample product description 135
Product_136,Home,492.3570685447405,3.2426403776646837,823,22.152968116521055,Yes,Sample product description 136
Product_137,Books,267.58818932831605,3.4139506663858192,946,24.707383531894134,No,Sample product description 137
Product_138,Books,94.12285006566871,3.705871748905449,660,43.05226497516559,No,Sample product description 138
Product_139,Sports,143.4305899944908,4.219955998723079,98,23.0583450626955,Yes,Sample product description 139
Product_140,Electronics,19.0114315082587,2.0792828805128574,587,46.99658959849112,No,Sample product description 140
Product_141,Sports,458.0064152146445,4.300197640720248,281,25.2001881798163,No,Sample product description 141
Product_142,Home,67.69803061616915,2.9930227290538145,882,47.46003465904457,Yes,Sample product description 142
Product_143,Home,292.49307300198427,1.3082331165373247,402,41.64159509345379,No,Sample product description 143
Product_144,Home,144.28705813673093,1.2342037169759168,108,18.121566130791457,Yes,Sample product description 144
Product_145,Home,281.54722123273876,2.336953274784243,699,43.1820710648308,Yes,Sample product description 145
Product_146,Home,329.19599029241346,4.13958790844587,198,5.503164210055761,Yes,Sample product description 146
Product_147,Clothing,416.5734838165288,3.830723738963663,302,46.252358767150724,Yes,Sample product description 147
Product_148,Books,111.14642316269557,4.154459858689625,326,31.582175754144583,No,Sample product description 148
Product_149,Home,15.387956042655434,3.0690762257664375,153,2.719537426115559,Yes,Sample product description 149
Product_150,Electronics,77.07395873371556,2.7607959918219622,551,32.21283618254058,No,Sample product description 150
Product_151,Electronics,451.0091345055715,1.5898101068251358,644,48.71238270723781,Yes,Sample product description 151
Product_152,Electronics,438.20613800563245,2.312771014437246,404,3.4900327307314463,Yes,Sample product description 152
Product_153,Electronics,302.73242006345106,2.736077464695501,461,27.734385489004314,No,Sample product description 153
Product_154,Clothing,304.2532616124902,1.354401718718469,131,37.389717487968625,Yes,Sample product description 154
Product_155,Electronics,335.8679705276652,1.882447810844845,790,40.51292933497657,No,Sample product description 155
Product_156,Home,95.9319265254903,3.3929011762549552,873,20.691373266039793,No,Sample product description 156
Product_157,Sports,458.0618535032303,3.9426524569567594,83,10.20832795841215,Yes,Sample product description 157
Product_158,Electronics,215.19755719711583,4.9933900455717986,398,2.117113938619192,Yes,Sample product description 158
Product_159,Clothing,197.73787884225376,4.73245332537423,753,28.986307854861238,Yes,Sample product description 159
Product_160,Clothing,264.2696755885904,3.570260798140766,627,22.64555351338054,Yes,Sample product description 160
Product_161,Electronics,33.01332371977698,2.684992213176288,108,47.43721975748555,Yes,Sample product description 161
Product_162,Sports,91.47885069047891,3.544709458832931,220,3.030245385745489,Yes,Sample product description 162
Product_163,Electronics,371.6364720489215,4.142606472320928,903,34.269767172300284,No,Sample product description 163
Product_164,Clothing,50.57134728331197,1.4733447636935493,552,1.2483111060028584,No,Sample product description 164
Product_165,Books,305.5445336385302,2.639619558785153,367,8.571708835527136,Yes,Sample product description 165
Product_166,Home,130.22106374384725,4.359209142542468,146,22.678949996141707,No,Sample product description 166
Product_167,Clothing,200.7548508805685,2.535331807732176,111,22.74362214014341,No,Sample product description 167
Product_168,Electronics,151.45993101764293,3.287489084908746,614,34.2850271466822,Yes,Sample product description 168
Product_169,Home,184.27963106782508,3.351077443448793,557,45.51065174338783,Yes,Sample product description 169
Product_170,Electronics,362.33249354028027,1.7379050125345574,923,31.95160794574604,No,Sample product description 170
Product_171,Electronics,155.58964065535577,2.4489417666091535,493,47.67675489257544,Yes,Sample product description 171
Product_172,Books,287.5382737454796,2.3380451549677286,504,44.08078199389988,No,Sample product description 172
Product_173,Home,243.26469707755882,1.1047868341282592,474,29.224989776539513,Yes,Sample product description 173
Product_174,Home,335.1988710276976,1.096767055565421,835,41.68959754594137,No,Sample product description 174
Product_175,Books,469.0465722691314,4.326788174703093,889,32.1288805161817,No,Sample product description 175
Product_176,Clothing,368.96032763302264,2.0922832398912496,270,3.9278915461863573,No,Sample product description 176
Product_177,Electronics,115.32078550947081,3.0723150649552617,994,37.028236162975496,No,Sample product description 177
Product_178,Sports,25.279736180029488,2.194902294355092,420,4.745422063367311,Yes,Sample product description 178
Product_179,Electronics,138.5093817069143,4.762716980461362,896,29.70413902848562,Yes,Sample product description 179
Product_180,Electronics,301.5881860431249,2.037187035463095,706,35.132010292911446,No,Sample product description 180
Product_181,Clothing,35.19864860728267,2.7186272509557403,366,3.326380410542762,No,Sample product description 181
Product_182,Electronics,253.21946112860581,4.490921001938407,279,11.539732696326588,Yes,Sample product description 182
Product_183,Books,302.4529959692757,4.367734267167235,282,45.78361161308249,Yes,Sample product description 183
Product_184,Books,173.7795065003108,1.7444056713851093,39,30.815724611644818,No,Sample product description 184
Product_185,Home,387.74697983545275,4.210573239182842,958,12.314300940526579,No,Sample product description 185
Product_186,Sports,62.233144035548186,2.8327475469515706,188,34.53398855740033,No,Sample product description 186
Product_187,Electronics,46.817513050546296,2.931875488341421,163,29.83882099808448,No,Sample product description 187
Product_188,Electronics,366.81249053976563,1.5339198896637751,993,25.07878499589742,No,Sample product description 188
Product_189,Clothing,252.79074494103725,1.3224060550284986,988,48.80934874940419,Yes,Sample product description 189
Product_190,Books,347.31717424959066,3.9117572278950608,535,34.172688870375445,No,Sample product description 190
Product_191,Sports,223.06539591583567,2.985844609421199,535,18.772055483395633,Yes,Sample product description 191
Product_192,Home,130.73699628716236,2.747402810460718,3,40.0036716038434,Yes,Sample product description 192
Product_193,Books,411.36013566035786,3.918032914609587,834,44.22916464605939,Yes,Sample product description 193
Product_194,Home,401.7137806947998,4.062051595964439,289,6.2610279758415714,No,Sample product description 194
Product_195,Clothing,350.40127071866914,1.6356326706774142,952,10.027648892263324,Yes,Sample product description 195
Product_196,Clothing,143.3511172426817,3.440900597910565,432,10.811350456388984,Yes,Sample product description 196
Product_197,Electronics,299.2130267658527,1.5414163291107421,470,34.56059046932702,Yes,Sample product description 197
Product_198,Sports,186.87720950061313,4.005500344116182,180,30.151977752664166,Yes,Sample product description 198
Product_199,Home,54.875215930050736,3.627820625068558,247,30.949578234929408,No,Sample product description 199
Product_200,Books,459.48365197649895,4.826458484333832,627,47.03866498447505,No,Sample product description 200
Product_201,Clothing,77.04112915029108,1.2758320654256847,278,38.7955766403653,Yes,Sample product description 201
Product_202,Electronics,475.6163033721932,1.2282188846050173,876,6.396846225589159,Yes,Sample product description 202
Product_203,Electronics,228.54282874939832,2.1287482987728006,580,17.37535412125905,No,Sample product description 203
Product_204,Home,100.71513513092363,2.046822734943624,862,21.76968230878678,No,Sample product description 204
Product_205,Clothing,275.5314642153955,1.9879151962879993,253,19.798079437380245,No,Sample product description 205
Product_206,Sports,437.74345957944007,4.625018322084147,180,33.46543045809396,Yes,Sample product description 206
Product_207,Clothing,368.790194340685,1.9981847993980244,829,44.594655162828126,No,Sample product description 207
Product_208,Home,405.21496245211034,2.087798904514524,680,15.3025731761394,Yes,Sample product description 208
Product_209,Home,332.8038496882515,4.037593049671855,824,27.593856821059283,Yes,Sample product description 209
Product_210,Clothing,349.2155166137477,2.79895936980216,508,39.47047109567928,No,Sample product description 210
Product_211,Home,426.1058692670064,4.106842227820724,760,20.810902942267468,Yes,Sample product description 211
Product_212,Clothing,132.3373243410011,1.261464630257541,699,8.405906419964793,No,Sample product description 212
Product_213,Books,249.81823218513884,2.9502847746935372,565,23.74754826318741,Yes,Sample product description 213
Product_214,Clothing,118.39262649160509,1.1344544007331305,325,2.7611260371514232,No,Sample product description 214
Product_215,Clothing,493.957323918357,1.250612813821418,356,47.11917270011384,Yes,Sample product description 215
Product_216,Home,472.5890764464405,4.625749813377643,824,3.741060259748652,Yes,Sample product description 216
Product_217,Home,29.31913757056789,1.5569814844703807,649,21.92283576252891,No,Sample product description 217
Product_218,Electronics,355.73183453268734,3.1296827291008684,679,26.49406305442631,No,Sample product description 218
Product_219,Electronics,463.37167553367624,2.644382410402826,390,49.26519161436428,No,Sample product description 219
Product_220,Books,98.48191911239343,2.3893733050353707,614,8.30109118214304,No,Sample product description 220
Product_221,Electronics,288.29316297078844,4.59933338274909,933,5.721575930617928,Yes,Sample product description 221
Product_222,Clothing,458.5892658181405,1.087293587101958,84,0.43530735312717894,No,Sample product description 222
Product_223,Home,26.633529507041434,3.6551587447023564,316,7.778571843465115,No,Sample product description 223
Product_224,Electronics,351.73593095095157,4.853577736854202,211,10.36364895338338,Yes,Sample product description 224
Product_225,Electronics,155.70101361254987,3.2406727338473678,514,31.529047079154616,No,Sample product description 225
Product_226,Books,462.9541357344999,4.747289848132367,383,10.98533951957002,No,Sample product description 226
Product_227,Books,485.8185401310302,1.209031517144095,690,1.0260407364662605,Yes,Sample product description 227
Product_228,Clothing,472.6905796655826,2.6751732762966456,341,41.330917275124435,No,Sample product description 228
Product_229,Home,242.36496616215726,2.0406311638482046,814,18.27978505019834,No,Sample product description 229
Product_230,Books,432.40089898476356,3.923283859922919,963,17.684834329036697,No,Sample product description 230
Product_231,Electronics,423.8292052821845,4.925188361988987,987,15.123951458396329,No,Sample product description 231
Product_232,Home,166.35923188919526,2.0261202497769912,843,48.768663857321044,No,Sample product description 232
Product_233,Home,416.1685823338319,3.616698405896298,37,8.505770865464074,No,Sample product description 233
Product_234,Electronics,28.133741010591386,1.7923905310389605,510,44.91190319766176,Yes,Sample product description 234
Product_235,Books,302.172240456206,3.2613210182864396,419,38.840166606994394,No,Sample product description 235
Product_236,Electronics,122.7043302709745,2.855729946753345,750,3.8239977749656537,Yes,Sample product description 236
Product_237,Home,69.0777740308666,4.888021318526148,168,49.33645507504244,Yes,Sample product description 237
Product_238,Sports,47.707068798312484,3.4341090907858662,964,13.568298176950528,Yes,Sample product description 238
Product_239,Sports,351.1815001802885,2.398025488347275,908,4.929146351120616,Yes,Sample product description 239
Product_240,Clothing,176.5387322463524,1.4563831395517335,342,41.46571170628797,No,Sample product description 240
Product_241,Electronics,365.1357180490931,1.6049873149397382,825,35.33377668388499,No,Sample product description 241
Product_242,Electronics,42.02460699148176,1.9012677198049404,305,30.86094029389504,No,Sample product description 242
Product_243,Clothing,164.49226553699907,2.003866645361192,541,7.799043184946658,Yes,Sample product description 243
Product_244,Clothing,274.35073326391523,4.402464231364551,701,23.924805812798095,No,Sample product description 244
Product_245,Clothing,397.45435077109215,3.2448911531300997,868,39.02780134436069,No,Sample product description 245
Product_246,Home,166.18872643671426,3.0935636454974658,536,15.181196907192012,No,Sample product description 246
Product_247,Electronics,316.6867744541345,1.4590754874768699,111,15.584491425752073,Yes,Sample product description 247
Product_248,Home,444.1290966357317,4.44055877339774,410,0.1570453024061058,Yes,Sample product description 248
Product_249,Clothing,311.77296220932925,3.891257212833935,946,8.712170082268978,No,Sample product description 249
Product_250,Electronics,124.15014262928055,1.2706734476000063,205,43.770281256091714,Yes,Sample product description 250
Product_251,Home,21.95638296270363,3.8313403889190747,184,22.087324581885355,Yes,Sample product description 251
Product_252,Home,436.34844821145566,3.1741528693705843,381,49.2117249617217,No,Sample product description 252
Product_253,Clothing,20.422011316689698,1.326901382987113,495,19.78539817868963,Yes,Sample product description 253
Product_254,Electronics,438.6038196152577,2.833202566114626,378,35.75932273901206,Yes,Sample product description 254
Product_255,Clothing,269.1791956733339,2.938785148520188,46,14.095952145236456,No,Sample product description 255
Product_256,Electronics,470.14317227131914,1.663098160653103,885,18.190482057046676,Yes,Sample product description 256
Product_257,Sports,401.40378552909607,4.782792588001129,739,9.536299379544733,Yes,Sample product description 257
Product_258,Books,498.98771416133536,4.399901485922648,550,17.35311842496975,Yes,Sample product description 258
Product_259,Books,181.848789571338,3.6760893493164333,527,27.361876021032156,Yes,Sample product description 259
Product_260,Books,385.9222615762522,2.849182244002429,503,49.58864404896247,Yes,Sample product description 260
Product_261,Clothing,206.94614766852865,2.647062166338034,21,33.21008565358928,Yes,Sample product description 261
Product_262,Sports,245.13905394891535,3.6038938686038167,212,9.962297720415702,Yes,Sample product description 262
Product_263,Electronics,317.47767697700135,3.181727477627622,309,2.2480720795775566,Yes,Sample product description 263
Product_264,Home,438.101785951306,1.2490924235275425,660,6.31782406572553,No,Sample product description 264
Product_265,Electronics,492.2008999076546,3.0500105950813268,967,28.127760063652367,No,Sample product description 265
Product_266,Home,386.4539727936139,4.225614468931358,752,38.25801644083832,No,Sample product description 266
Product_267,Electronics,214.70572326199354,2.8369595103878322,271,47.02096036503735,No,Sample product description 267
Product_268,Sports,216.4649311157644,1.2078263102170737,570,0.7911585998410409,Yes,Sample product description 268
Product_269,Home,371.41532777855684,4.145112797536132,798,26.13800707809349,No,Sample product description 269
Product_270,Clothing,127.00080142646814,1.8054551285438976,937,23.543367811158838,No,Sample product description 270
Product_271,Electronics,64.13231543438337,2.034483339552155,201,32.8027510987852,Yes,Sample product description 271
Product_272,Electronics,183.76485724398052,1.6588254137291836,31,27.978942723267096,Yes,Sample product description 272
Product_273,Home,150.74710591050004,2.32086025948599,442,34.35195752912403,Yes,Sample product description 273
Product_274,Clothing,155.19097902343515,4.02700602275454,161,32.904129237459514,Yes,Sample product description 274
Product_275,Clothing,124.46779801445587,3.0775434380157494,766,5.85058624289731,Yes,Sample product description 275
Product_276,Sports,30.625662921817323,1.8195250966028502,253,39.98589568093598,No,Sample product description 276
Product_277,Clothing,18.758228019372766,4.511320312608163,520,6.161628785816243,Yes,Sample product description 277
Product_278,Clothing,493.98397097065543,4.518327419806116,976,34.926531260456855,No,Sample product description 278
Product_279,Clothing,219.60883553057255,4.482313700184028,650,20.807268382030337,No,Sample product description 279
Product_280,Books,198.32005710824401,1.9551848455261571,479,25.692536728829896,Yes,Sample product description 280
Product_281,Sports,343.02716851960423,2.8049573767239524,9,45.164900718785525,No,Sample product description 281
Product_282,Electronics,116.94440505388144,4.9399586245635,725,44.49418632367433,No,Sample product description 282
Product_283,Home,475.4809801356104,4.088049905239961,504,40.89281528275148,Yes,Sample product description 283
Product_284,Electronics,395.3090570636205,1.1086696849022393,784,25.507419022816162,No,Sample product description 284
Product_285,Sports,53.81139113300716,1.2608183650419682,835,36.81199050669166,No,Sample product description 285
Product_286,Home,214.6145801346149,2.855725507249331,559,25.644852775940468,No,Sample product description 286
Product_287,Sports,440.7679707054607,4.636880823446241,435,43.480304123738875,Yes,Sample product description 287
Product_288,Clothing,472.91869092279103,3.154807191810857,110,20.138791661644994,Yes,Sample product description 288
Product_289,Home,239.02674051243616,2.991250032137161,152,48.51176722074384,Yes,Sample product description 289
Product_290,Clothing,310.57158071324676,1.4218947998265223,634,46.61613791144388,No,Sample product description 290
Product_291,Electronics,91.84663358511686,3.627120418897176,916,37.080130972589274,Yes,Sample product description 291
Product_292,Electronics,495.6726268071185,4.2884126424009015,868,13.9707942088036,No,Sample product description 292
Product_293,Home,123.51913367788727,2.5216800300302493,101,6.58267943966292,Yes,Sample product description 293
Product_294,Home,471.93856932621156,4.10244740370131,752,42.73517250465987,No,Sample product description 294
Product_295,Sports,328.3268580062605,4.857906615603246,832,8.265114306898063,Yes,Sample product description 295
Product_296,Sports,307.791029490641,1.8150658365107564,190,42.713039449866784,Yes,Sample product description 296
Product_297,Clothing,261.2173703980892,3.093318524778965,728,24.538250335618024,No,Sample product description 297
Product_298,Home,123.02820774170176,2.148551832338302,562,20.32783919040521,Yes,Sample product description 298
Product_299,Electronics,96.49873568269905,4.171417676135357,803,45.15953894172146,No,Sample product description 299
Product_300,Sports,118.03824244438593,3.31037346352463,80,30.192549127013894,Yes,Sample product description 300
Product_301,Sports,101.35474845068471,3.538329670201215,488,28.830700356485888,Yes,Sample product description 301
Product_302,Electronics,391.99639204770915,4.191656638463576,894,27.938297231219885,No,Sample product description 302
Product_303,Sports,181.56137699169776,2.5838818906498195,87,18.55847580097657,No,Sample product description 303
Product_304,Clothing,38.34291151606422,4.660360273628173,193,39.282155176456364,No,Sample product description 304
Product_305,Home,484.8602887689976,3.13211546898456,103,12.63992220078865,Yes,Sample product description 305
Product_306,Electronics,443.0550836320786,1.631819291341392,782,46.944748002063754,No,Sample product description 306
Product_307,Home,464.59861876565435,3.78359647267521,95,44.69926025234804,Yes,Sample product description 307
Product_308,Sports,497.5048330967533,4.173045401753018,422,16.874016283744908,No,Sample product description 308
Product_309,Sports,95.20867211754877,2.2670467082701067,890,36.47318849158319,No,Sample product description 309
Product_310,Electronics,204.1585892623028,4.428717027995011,197,28.661159722479574,No,Sample product description 310
Product_311,Clothing,381.53685309500474,4.624573019063066,0,16.88246509996173,No,Sample product description 311
Product_312,Books,351.0501028463582,2.1076179495112357,406,49.42608239977233,No,Sample product description 312
Product_313,Electronics,85.40899410652898,4.934085890860889,377,1.2618672924132102,No,Sample product description 313
Product_314,Books,409.7582312454027,1.5628461121950337,166,12.632301531064332,Yes,Sample product description 314
Product_315,Books,119.97588019996373,1.8080626736099599,508,26.00370305555752,No,Sample product description 315
Product_316,Clothing,119.67063126308531,1.7368993569521045,637,26.097650173928194,Yes,Sample product description 316
Product_317,Books,273.1174672177726,4.575958840031482,312,29.446653747278205,No,Sample product description 317
Product_318,Books,300.54056807243455,3.6171702092998474,592,37.58380860114596,No,Sample product description 318
Product_319,Clothing,294.24224184052747,1.6084171328890915,417,31.17389152596482,No,Sample product description 319
Product_320,Books,54.82855032489989,2.761293673473396,762,30.01407302640185,Yes,Sample product description 320
Product_321,Books,439.95582268888637,3.461192100279208,680,2.6757231456521646,Yes,Sample product description 321
Product_322,Books,140.14402086846596,1.3338563399575332,476,18.826514389464915,No,Sample product description 322
Product_323,Electronics,73.46231142857405,4.529665473629355,72,11.6027869850578,Yes,Sample product description 323
Product_324,Electronics,445.4865591357988,4.214414141766141,140,13.268505580098772,No,Sample product description 324
Product_325,Electronics,478.26923413257913,3.020827094306553,581,27.716873717017243,No,Sample product description 325
Product_326,Clothing,432.4425324600708,4.868506461036682,261,9.97526574648042,Yes,Sample product description 326
Product_327,Sports,406.66287661519027,2.671043917100399,339,14.697455050844876,Yes,Sample product description 327
Product_328,Books,331.0685705131206,4.936441276145992,307,11.854235425867005,Yes,Sample product description 328
Product_329,Books,279.9201115984783,3.6716799952145083,244,47.42514716090974,Yes,Sample product description 329
Product_330,Clothing,52.623512356590965,3.538685093015766,514,47.23328660855476,No,Sample product description 330
Product_331,Books,210.14207440464236,1.66381958118314,336,30.497077929802586,Yes,Sample product description 331
Product_332,Electronics,192.61737333603384,4.527711033218576,574,46.226123436594996,Yes,Sample product description 332
Product_333,Sports,137.27935404255985,2.7099587516824606,560,39.29063227341866,No,Sample product description 333
Product_334,Home,364.4758557074066,1.6489336231299174,75,29.49739414009044,Yes,Sample product description 334
Product_335,Books,252.9791101885977,1.0504300799030362,879,0.3217605748397856,Yes,Sample product description 335
Product_336,Electronics,49.71264579474749,3.2390227345535303,174,38.6258143039702,Yes,Sample product description 336
Product_337,Home,117.88976895540756,3.1095984884907053,108,35.124417079423445,Yes,Sample product description 337
Product_338,Sports,344.796794193202,3.8774144894766343,182,30.7626826641207,No,Sample product description 338
Product_339,Home,47.30412115024709,4.561032212071209,191,38.02121558412359,No,Sample product description 339
Product_340,Electronics,427.0913878838967,1.317626338572118,64,25.646108238738286,Yes,Sample product description 340
Product_341,Home,252.6217982368474,3.9259859613614494,848,35.20416356606695,Yes,Sample product description 341
Product_342,Clothing,245.48742289005753,1.7496477763903289,962,46.758604336324666,No,Sample product description 342
Product_343,Home,300.27981448316365,4.432708212628656,473,18.790250792304313,Yes,Sample product description 343
Product_344,Books,414.0936733033231,4.276254055446625,782,35.40609174503127,Yes,Sample product description 344
Product_345,Books,180.4265118720746,3.1631750199421775,99,23.784390900547937,Yes,Sample product description 345
Product_346,Clothing,342.22791475394115,3.840971194493246,543,33.719982590699075,Yes,Sample product description 346
Product_347,Electronics,287.2086623579376,2.2574004527349936,863,38.14466677771821,Yes,Sample product description 347
Product_348,Books,140.84385238301644,2.8846715957312585,127,2.272625021789798,Yes,Sample product description 348
Product_349,Sports,440.5286933140274,4.286547590841886,451,32.330022197433095,Yes,Sample product description 349
Product_350,Books,400.73875058739475,2.8370607886928556,913,11.337059220347228,Yes,Sample product description 350
Product_351,Books,332.6413989826285,2.431193061301767,368,33.50162689037834,Yes,Sample product description 351
Product_352,Electronics,426.78504725617853,2.9768497890011996,850,23.416509296690673,No,Sample product description 352
Product_353,Home,434.97415847030317,4.312997009748873,42,38.67763709324436,No,Sample product description 353
Product_354,Books,357.097858590367,2.340832189483491,883,6.1700407602798215,No,Sample product description 354
Product_355,Clothing,420.1365308981993,1.6950463725429752,418,31.316117582809756,Yes,Sample product description 355
Product_356,Home,351.76101621794896,3.848056081323123,487,13.923536446377616,Yes,Sample product description 356
Product_357,Sports,343.2689781625472,4.303912850832328,77,42.649099766529574,No,Sample product description 357
Product_358,Electronics,313.11957532544034,1.4025499140941333,825,46.41917528181537,Yes,Sample product description 358
Product_359,Sports,378.8311533832442,1.959496451023779,800,49.819914683952774,No,Sample product description 359
Product_360,Home,87.71650159360611,1.5678879590439756,269,39.80037012136417,Yes,Sample product description 360
Product_361,Home,441.62667200747495,2.3917656463286665,673,37.686703521400226,No,Sample product description 361
Product_362,Home,437.20332859516367,2.8014039156216506,700,10.775037943377551,No,Sample product description 362
Product_363,Sports,24.33116868693398,3.995305347853226,758,16.800352949505438,No,Sample product description 363
Product_364,Home,414.6502077767337,3.6045903395266965,899,23.284127088113976,Yes,Sample product description 364
Product_365,Sports,73.14623506198815,3.4837142699137247,727,38.66905238911249,No,Sample product description 365
Product_366,Home,174.20823858697952,2.4094997864386176,314,45.74829325389843,Yes,Sample product description 366
Product_367,Clothing,374.3190455828878,4.365790212339039,924,9.45695500114923,Yes,Sample product description 367
Product_368,Home,88.77234906367102,2.8851486695926583,850,46.11837423350514,Yes,Sample product description 368
Product_369,Sports,410.80384181834046,4.916419752060618,901,34.7812326177029,Yes,Sample product description 369
Product_370,Books,417.74574719929353,3.5365685531829474,888,30.538536534251932,Yes,Sample product description 370
Product_371,Home,258.6591895428097,1.505058966258011,992,9.992063564096975,Yes,Sample product description 371
Product_372,Books,13.129077141248455,3.704710248301736,944,2.7762516404575277,Yes,Sample product description 372
Product_373,Clothing,150.64868525570725,2.300416061726796,167,28.423244925396997,No,Sample product description 373
Product_374,Electronics,312.29419000411366,3.7453087867443897,338,32.57578416644462,No,Sample product description 374
Product_375,Clothing,490.7812272334375,1.278564592649623,192,10.539072467734412,No,Sample product description 375
Product_376,Home,319.58862823816753,1.6995257487038375,452,27.82281029127282,Yes,Sample product description 376
Product_377,Books,137.30375472143828,4.422949035623145,282,42.82467013812868,Yes,Sample product description 377
Product_378,Books,320.66279451880956,1.9087182280940596,335,41.753297272751,Yes,Sample product description 378
Product_379,Sports,274.5928360607692,4.348164500971761,389,46.36775902931486,Yes,Sample product description 379
Product_380,Books,392.12424362406034,2.1171043538176417,999,18.294290477844022,No,Sample product description 380
Product_381,Sports,62.42051302520962,3.5715276402348306,524,15.902478627545936,Yes,Sample product description 381
Product_382,Electronics,382.9036722259937,3.776602294039324,239,37.471300299040436,No,Sample product description 382
Product_383,Home,275.220623551294,3.0506190125802117,831,21.55562025485025,Yes,Sample product description 383
Product_384,Sports,481.86608189090737,2.221242706786925,957,4.377433201389031,No,Sample product description 384
Product_385,Electronics,177.51736135895618,1.8505775054843845,482,14.140056533524985,Yes,Sample product description 385
Product_386,Books,319.98472763563456,1.1327574182497049,658,20.929114276574456,No,Sample product description 386
Product_387,Books,466.69377169990855,2.2157856049628952,715,14.625821273812601,Yes,Sample product description 387
Product_388,Electronics,60.22976671543284,3.612651162125132,591,16.610278547366082,No,Sample product description 388
Product_389,Books,469.24195874586104,4.753219273793931,890,14.688795308719538,Yes,Sample product description 389
Product_390,Electronics,347.0640039273985,4.484817929052208,554,2.074958359153972,No,Sample product description 390
Product_391,Sports,43.240158961534235,4.06425910614121,457,31.854735041222128,No,Sample product description 391
Product_392,Sports,157.47214780393998,4.153789373013195,88,29.864621017673464,Yes,Sample product description 392
Product_393,Electronics,357.004323436188,3.659939613903981,659,32.66917492393403,No,Sample product description 393
Product_394,Sports,43.00179471969813,2.041147430264012,94,9.615494801681374,Yes,Sample product description 394
Product_395,Sports,295.2635254863739,4.628780122823319,451,14.782727080624264,Yes,Sample product description 395
Product_396,Sports,179.4826979069488,3.682929247623336,427,30.980796347246116,Yes,Sample product description 396
Product_397,Clothing,314.24860370606376,3.24176252392176,150,29.98137842299607,No,Sample product description 397
Product_398,Home,32.4135965681313,1.4439578768539243,513,25.31651546771339,No,Sample product description 398
Product_399,Books,437.0530350146644,2.7882221752257017,375,17.52066250050987,Yes,Sample product description 399
Product_400,Clothing,487.0095948969245,2.841433084807705,21,45.6465502387345,Yes,Sample product description 400
Product_401,Sports,484.75014908998884,4.45825443809068,882,16.98851211494219,No,Sample product description 401
Product_402,Electronics,377.3293975540331,3.186592880751154,312,22.78095782186258,No,Sample product description 402
Product_403,Sports,73.74225766400966,2.5216021958816386,996,33.90569154771044,No,Sample product description 403
Product_404,Home,381.5489660052211,4.907201314042638,839,27.151071543338208,Yes,Sample product description 404
Product_405,Sports,22.04758906481274,1.4428823733052627,518,17.34429881821928,Yes,Sample product description 405
Product_406,Electronics,20.840540249208654,2.6901937132477785,205,21.782239522825492,Yes,Sample product description 406
Product_407,Home,168.56900738327522,1.1680987006856212,951,39.724040892675305,Yes,Sample product description 407
Product_408,Sports,249.43516329828623,3.9596164830677214,374,13.906457774330622,Yes,Sample product description 408
Product_409,Home,387.4996347258187,4.672306208796602,450,7.112761988840771,No,Sample product description 409
Product_410,Books,344.8147345371875,2.1201493182019577,625,15.658160091488854,Yes,Sample product description 410
Product_411,Books,228.49232612460668,4.433366707196484,783,42.476710774395066,No,Sample product description 411
Product_412,Sports,144.0770664780163,2.168872921847591,594,4.449485742817333,No,Sample product description 412
Product_413,Home,498.59100507727845,4.643080646575661,178,49.58480366862259,Yes,Sample product description 413
Product_414,Electronics,218.82883809562674,4.015847614387136,209,27.050144946383124,No,Sample product description 414
Product_415,Sports,231.179641921541,4.2196271073657545,499,49.2422871983547,Yes,Sample product description 415
Product_416,Books,90.1756723839179,1.072026222401818,463,46.94982110429888,No,Sample product description 416
Product_417,Books,399.4566788874654,4.851241428296104,839,22.64068571054584,Yes,Sample product description 417
Product_418,Sports,349.9042906329294,3.906683968281293,123,9.924553730267455,Yes,Sample product description 418
Product_419,Home,118.17711026649259,2.2190043815445333,992,8.244238828256922,No,Sample product description 419
Product_420,Books,50.36671235176292,4.317578659435387,112,11.999468193497876,Yes,Sample product description 420
Product_421,Home,343.4446580166094,2.12608479365972,11,35.50663202822687,No,Sample product description 421
Product_422,Books,330.71049499775626,4.491015358264512,125,13.647499736574392,Yes,Sample product description 422
Product_423,Books,143.89716822912257,1.450321561647748,564,17.071263480214917,Yes,Sample product description 423
Product_424,Clothing,475.92314550270106,3.814743909843183,330,22.438940199730737,Yes,Sample product description 424
Product_425,Books,84.01836697264112,3.1627939065796413,900,45.661634021072814,No,Sample product description 425
Product_426,Electronics,221.84405251087495,1.3861378807817633,282,9.469670894242304,No,Sample product description 426
Product_427,Sports,472.37180088212347,1.967575313035356,139,0.2513276304901557,Yes,Sample product description 427
Product_428,Sports,215.66638529379992,1.0496161451092592,400,3.0048205189085078,No,Sample product description 428
Product_429,Home,322.8777143554019,2.8750718618580233,901,45.2383170840059,Yes,Sample product description 429
Product_430,Books,204.8212550017692,2.2050610430400015,96,32.37582324216815,No,Sample product description 430
Product_431,Electronics,144.36544915084832,3.3934299371910353,516,13.652030966390338,No,Sample product description 431
Product_432,Home,492.1490475003158,2.1889512308344687,568,8.859625050559556,Yes,Sample product description 432
Product_433,Clothing,210.57366309437108,2.1996764460279388,923,14.713336831855717,Yes,Sample product description 433
Product_434,Home,448.10860980277585,3.9727727949264136,845,5.7398463625640055,Yes,Sample product description 434
Product_435,Home,122.67775688663222,1.1925713439134138,68,47.07664551422205,Yes,Sample product description 435
Product_436,Books,114.42130497229081,4.611579980767949,117,39.21030871826334,Yes,Sample product description 436
Product_437,Clothing,25.255700613410568,4.409055497564726,887,23.119558845627036,No,Sample product description 437
Product_438,Home,329.31674443418365,3.671218732905626,58,43.248130255760096,No,Sample product description 438
Product_439,Electronics,190.57790842464297,3.372886280429537,32,12.472910214661614,Yes,Sample product description 439
Product_440,Electronics,433.5355424214222,4.5692099925586085,317,35.85602842360968,Yes,Sample product description 440
Product_441,Sports,241.872854278863,1.7413207181148578,49,42.80662495068717,Yes,Sample product description 441
Product_442,Clothing,484.4147796782137,1.3158766487633144,879,17.83843558116363,No,Sample product description 442
Product_443,Clothing,100.90750269452936,1.9580406796381524,488,37.873222272535884,Yes,Sample product description 443
Product_444,Sports,435.6253522982493,4.178313114800761,18,14.753617463215468,Yes,Sample product description 444
Product_445,Home,390.53245786795344,1.1386810669059333,725,14.94285676295154,No,Sample product description 445
Product_446,Clothing,387.75170387558546,3.3312273403339585,196,5.352858927709303,No,Sample product description 446
Product_447,Electronics,423.943781777275,4.98175006476524,890,22.002902325469936,No,Sample product description 447
Product_448,Electronics,382.90175556206947,4.422784375350158,449,36.48559532487111,No,Sample product description 448
Product_449,Books,316.84795759939357,3.085782756174358,989,47.011040278564245,Yes,Sample product description 449
Product_450,Clothing,74.30999006436991,1.2545636371465694,558,30.189849596454803,No,Sample product description 450
Product_451,Home,25.93782795071344,4.325494057542839,678,43.15677688678695,No,Sample product description 451
Product_452,Sports,461.21544542968655,3.395914032708842,451,41.124732464511354,Yes,Sample product description 452
Product_453,Sports,312.15865411516165,1.4597319882382673,288,8.667152648764043,Yes,Sample product description 453
Product_454,Home,400.3032725783264,1.3754291392934248,140,24.290871445631574,Yes,Sample product description 454
Product_455,Books,245.94595224114954,4.63850727774637,83,5.846176776269574,No,Sample product description 455
Product_456,Sports,67.48101259157329,3.6768010517523138,693,34.10765807808175,Yes,Sample product description 456
Product_457,Clothing,71.34103817924972,4.317147197267023,390,47.494983412303796,No,Sample product description 457
Product_458,Books,345.926990742196,4.51591560112907,590,6.854472903937825,No,Sample product description 458
Product_459,Clothing,220.8498885007367,3.287089408193289,214,36.69415654012707,No,Sample product description 459
Product_460,Electronics,108.25711608316499,3.069785407020165,525,31.61190754339305,Yes,Sample product description 460
Product_461,Books,250.88132790330408,2.7217096412839608,214,29.180251850404986,No,Sample product description 461
Product_462,Sports,41.4623791668157,2.267786351164477,402,19.506011734416962,Yes,Sample product description 462
Product_463,Books,295.1659869380554,2.738383843434847,127,17.756582387690628,Yes,Sample product description 463
Product_464,Books,141.80676817319787,4.0955186229206255,821,2.2624594509443927,Yes,Sample product description 464
Product_465,Books,400.8039593122222,3.4076937240605263,476,10.895435412600673,No,Sample product description 465
Product_466,Books,162.07735987255114,4.570093159819384,759,0.7588441143413449,No,Sample product description 466
Product_467,Clothing,233.05787305008258,2.773520057516751,403,29.070855279101025,No,Sample product description 467
Product_468,Electronics,15.694064554969312,3.428358314875016,28,5.292661793895443,Yes,Sample product description 468
Product_469,Home,45.49897501933385,3.525230212367955,791,43.650969701485806,No,Sample product description 469
Product_470,Books,202.32184263927556,3.366788649225302,337,26.157151034858263,No,Sample product description 470
Product_471,Sports,245.1700290113905,3.8105350923420653,830,34.98449545293542,No,Sample product description 471
Product_472,Books,304.0100685784588,1.9497338734992251,713,20.542854592024824,No,Sample product description 472
Product_473,Sports,152.9146635675586,3.0494551101831626,360,28.028990450052433,No,Sample product description 473
Product_474,Clothing,350.54112420200585,1.4168992112333907,568,47.132958848331526,Yes,Sample product description 474
Product_475,Sports,431.45997462271026,2.53804531057925,391,4.136701981183538,Yes,Sample product description 475
Product_476,Home,392.1269845577414,2.9506682744850576,217,12.696888596184808,Yes,Sample product description 476
Product_477,Electronics,29.413224420695002,3.60889703818189,573,38.999416345527216,Yes,Sample product description 477
Product_478,Sports,245.44840415633618,4.8021242103448145,668,4.936860344133293,No,Sample product description 478
Product_479,Sports,61.41578742490569,3.4026042661934235,201,3.7830551952055425,Yes,Sample product description 479
Product_480,Electronics,128.60205777263846,3.974375664706239,16,18.07706993770193,No,Sample product description 480
Product_481,Home,493.46467070090176,3.025064237980811,321,4.608397923621616,Yes,Sample product description 481
Product_482,Books,79.82281602174149,3.5364161255053252,517,29.253922110310153,Yes,Sample product description 482
Product_483,Sports,254.45519519116448,1.2837288645350937,569,11.313762540829991,Yes,Sample product description 483
Product_484,Electronics,312.89630981587834,2.017566323367388,324,44.78489815996862,No,Sample product description 484
Product_485,Clothing,354.2078355666109,2.447412372820555,411,39.175004042262835,No,Sample product description 485
Product_486,Electronics,284.2278549085879,2.8899734200260543,317,34.98526030497381,Yes,Sample product description 486
Product_487,Clothing,14.787715235399993,1.182594982009535,680,30.847201369225097,No,Sample product description 487
Product_488,Home,169.96604103955602,1.5600963902132707,964,43.173286517073166,Yes,Sample product description 488
Product_489,Books,263.67870525850856,2.107257231165223,81,11.153103077137844,Yes,Sample product description 489
Product_490,Electronics,53.054584580968346,4.886130763604203,473,43.655442138211384,Yes,Sample product description 490
Product_491,Sports,181.80719629249856,2.325388028412203,467,39.474614921202615,No,Sample product description 491
Product_492,Home,26.269523307769617,2.92816423244833,424,37.408041319384274,Yes,Sample product description 492
Product_493,Electronics,48.503463605960164,1.7843908509535717,944,28.0627839037462,Yes,Sample product description 493
Product_494,Sports,204.49240533878208,3.443120284303073,730,12.312208048530005,Yes,Sample product description 494
Product_495,Electronics,75.03071948109957,2.122732862063897,688,21.177395799594816,No,Sample product description 495
Product_496,Clothing,288.0950156481635,1.827970313753707,203,39.67853272694008,Yes,Sample product description 496
Product_497,Electronics,347.8378348772602,3.0662905137839163,582,1.5889242178662222,No,Sample product description 497
Product_498,Electronics,402.2874825634506,1.0220231966416833,386,39.10253846318791,Yes,Sample product description 498
Product_499,Electronics,108.07361967995695,1.0306561305969013,777,12.003537024378325,No,Sample product description 499
Product_500,Home,92.06646530694418,1.876275236407431,97,7.2154600360801515,Yes,Sample product description 500
Product_501,Electronics,61.238241763856124,1.1468854500032846,344,5.785065909015108,Yes,Sample product description 501
Product_502,Sports,321.85082227638196,1.4321030165227655,802,1.3625005975407556,No,Sample product description 502
Product_503,Clothing,356.1731059785816,2.3554425973550064,207,26.179324261072644,No,Sample product description 503
Product_504,Clothing,25.4772109645646,4.210342718319252,513,10.912993634686474,Yes,Sample product description 504
Product_505,Electronics,468.744000659408,3.2881945734772033,635,49.47158828898158,No,Sample product description 505
Product_506,Home,35.46592898922148,3.0506709038256656,791,28.721837793610288,Yes,Sample product description 506
Product_507,Home,275.23520429752455,2.1739552928324866,585,6.894263467800521,Yes,Sample product description 507
Product_508,Sports,357.43965453094904,4.727014877731266,165,34.43812704056827,Yes,Sample product description 508
Product_509,Electronics,436.7748706355819,2.5880601649487667,21,44.88717832548627,No,Sample product description 509
Product_510,Clothing,359.90259674488965,1.348371067183086,153,37.25897476848072,Yes,Sample product description 510
Product_511,Home,402.846760704198,3.468266064471205,938,3.8219930519723833,No,Sample product description 511
Product_512,Electronics,176.33059434597496,1.4553535739064056,438,44.794209059632976,Yes,Sample product description 512
Product_513,Home,409.26430573579097,2.3808925712067683,294,39.69646929299824,No,Sample product description 513
Product_514,Home,49.25627472849082,3.0296477548712355,218,7.915195005280717,No,Sample product description 514
Product_515,Clothing,448.46016146965854,4.496890098740703,668,2.5892944366408432,Yes,Sample product description 515
Product_516,Books,278.32026431533075,2.9741863213604747,494,27.865528765715425,No,Sample product description 516
Product_517,Sports,410.4759072816219,3.809035064126657,229,7.801790566998845,Yes,Sample product description 517
Product_518,Sports,231.63595941396707,4.9712673559962814,19,41.7295476297636,Yes,Sample product description 518
Product_519,Clothing,325.3530706462972,1.5259564795919265,986,17.916732833583687,Yes,Sample product description 519
Product_520,Home,267.9373038586955,2.098926102078078,552,45.644622236828766,Yes,Sample product description 520
Product_521,Electronics,368.4788656601126,2.5783043023905856,949,28.28440860705029,Yes,Sample product description 521
Product_522,Home,49.99869119498889,2.6873127141553255,147,9.133619211983406,No,Sample product description 522
Product_523,Clothing,39.572521155376265,2.644084301062183,107,6.979943367990005,Yes,Sample product description 523
Product_524,Sports,131.08058466497175,4.63044401022622,402,28.823621877887696,No,Sample product description 524
Product_525,Home,88.17689325546229,3.8561305778674257,595,38.094180593122196,No,Sample product description 525
Product_526,Sports,437.1739476301788,3.431620856362815,482,39.075282387109105,Yes,Sample product description 526
Product_527,Electronics,117.41485380544171,2.2374908714511283,366,13.787870222064063,No,Sample product description 527
Product_528,Sports,488.17397535137434,4.295161536885178,833,10.212337945608374,Yes,Sample product description 528
Product_529,Sports,175.07893796784236,4.820242045939956,413,0.8378152246191206,No,Sample product description 529
Product_530,Books,99.23777868746265,4.284793130200907,308,33.95995756005847,No,Sample product description 530
Product_531,Books,396.95226849981475,1.0062604207658916,801,3.828412921676949,No,Sample product description 531
Product_532,Books,332.7668099954293,3.545605480733628,917,21.03806008829629,Yes,Sample product description 532
Product_533,Sports,254.1159010620381,1.204541525768403,834,30.084108200914805,No,Sample product description 533
Product_534,Clothing,282.1281399594393,2.0304288813348874,133,46.855447245983854,Yes,Sample product description 534
Product_535,Sports,362.40887135340927,1.2380988013910867,718,15.590106847788432,No,Sample product description 535
Product_536,Clothing,121.94282325233638,3.415181811797551,282,12.488608122325989,No,Sample product description 536
Product_537,Clothing,498.2036188678035,3.746359653970427,777,32.70800771430492,No,Sample product description 537
Product_538,Books,487.64864945192375,1.4579505522636205,72,30.961951602679083,No,Sample product description 538
Product_539,Home,328.6595863099991,2.535355532179918,480,16.60548916540623,Yes,Sample product description 539
Product_540,Electronics,107.77580095528111,2.824946035822168,351,46.405091775489325,Yes,Sample product description 540
Product_541,Books,343.3118387913327,2.4762120870436664,559,42.24311637448164,No,Sample product description 541
Product_542,Books,45.377220399796165,1.4841000019407722,325,11.199127293254058,No,Sample product description 542
Product_543,Home,25.019726080844972,2.6757911607499016,744,11.95712727172616,Yes,Sample product description 543
Product_544,Electronics,136.2646153704947,4.004712191233672,442,25.61501734435403,Yes,Sample product description 544
Product_545,Sports,236.685248802265,1.2840306581330219,99,38.67860508653602,Yes,Sample product description 545
Product_546,Sports,435.4535276501065,1.3207200563276138,58,2.2020189694232197,Yes,Sample product description 546
Product_547,Books,366.3128441854909,2.419085167343937,507,34.66675768673533,No,Sample product description 547
Product_548,Electronics,373.92619538799073,4.7669028464757,257,32.411794869104845,No,Sample product description 548
Product_549,Books,218.49173387955693,3.674290586891656,412,11.574004795649412,Yes,Sample product description 549
Product_550,Clothing,179.50814634801182,3.714679826690259,451,34.067650662067436,Yes,Sample product description 550
Product_551,Books,191.8089938624553,2.44767996335146,64,47.00915956260413,Yes,Sample product description 551
Product_552,Books,493.9482862306683,3.3746431648341537,594,2.3392922485884258,Yes,Sample product description 552
Product_553,Sports,29.653503792116418,1.0405247361109735,153,15.982602764603126,Yes,Sample product description 553
Product_554,Sports,434.8454330999998,3.544384185638169,984,21.908835833317763,Yes,Sample product description 554
Product_555,Sports,293.55095020047276,4.653147790304947,265,44.96301794623448,No,Sample product description 555
Product_556,Clothing,224.92155540289932,3.4502938733792767,820,48.11307233045783,No,Sample product description 556
Product_557,Sports,365.3762536034169,4.49479437386538,78,22.205762324816614,No,Sample product description 557
Product_558,Electronics,248.4677812981044,3.8958922218643752,314,37.50142060710956,Yes,Sample product description 558
Product_559,Home,437.9773866600137,1.482233665614761,661,26.58305118822415,Yes,Sample product description 559
Product_560,Electronics,451.3439133655167,4.609813229143366,946,26.889146737068824,Yes,Sample product description 560
Product_561,Electronics,216.64325416799315,1.2657753774230995,559,13.904975753317823,No,Sample product description 561
Product_562,Sports,145.64562064517528,3.135869890191055,916,10.847812293193975,Yes,Sample product description 562
Product_563,Home,300.2516610107475,1.5685484951738307,890,14.400267296202058,Yes,Sample product description 563
Product_564,Home,457.0580393521786,1.0468264429236163,247,27.816400362853965,No,Sample product description 564
Product_565,Home,113.22447261277662,2.688137040510556,789,1.4577593011044498,Yes,Sample product description 565
Product_566,Clothing,315.2536259461066,2.180162830616625,867,45.36244721782029,No,Sample product description 566
Product_567,Sports,319.46450784533505,2.944001975190412,609,7.814185477488811,No,Sample product description 567
Product_568,Home,369.2253809834877,3.308799546938203,413,11.004433843569327,Yes,Sample product description 568
Product_569,Clothing,74.4681657123573,1.1749562892357894,24,25.913808822382318,No,Sample product description 569
Product_570,Books,360.7542326942234,1.4920131804949825,283,35.50573831686397,Yes,Sample product description 570
Product_571,Books,455.42593512616406,3.2345695858017014,448,4.786452737219865,No,Sample product description 571
Product_572,Clothing,98.04472334641856,2.372669412690633,880,15.88473487735811,Yes,Sample product description 572
Product_573,Clothing,126.39622921270005,3.916693950197792,300,48.43373027871786,No,Sample product description 573
Product_574,Sports,485.9835960804034,3.6091665943677587,67,13.117148339047285,Yes,Sample product description 574
Product_575,Sports,98.67870682764999,4.382417451959627,6,15.652507253157344,No,Sample product description 575
Product_576,Books,428.6486957510938,3.769971306676901,816,41.824924530901676,No,Sample product description 576
Product_577,Home,251.21614965953705,2.7197243095605925,136,2.510721584522763,No,Sample product description 577
Product_578,Books,131.14322645755675,3.6918664895777296,163,23.230658440448543,Yes,Sample product description 578
Product_579,Home,436.6674516235306,2.101524697021674,82,18.98083822258351,Yes,Sample product description 579
Product_580,Home,228.1995749513061,2.2252539951128507,896,15.829337995432557,No,Sample product description 580
Product_581,Sports,262.2605034255482,4.155940639683173,649,14.284979702238227,Yes,Sample product description 581
Product_582,Electronics,186.0243510058852,2.7856780656063287,419,4.56870524302046,No,Sample product description 582
Product_583,Electronics,300.5459172031144,4.19352136207341,72,15.74129146758244,Yes,Sample product description 583
Product_584,Clothing,90.12669756666115,4.289689494673114,236,2.1526201357834287,No,Sample product description 584
Product_585,Sports,201.62995295936275,4.430249350645135,45,39.048193182221766,Yes,Sample product description 585
Product_586,Home,485.0120379442909,4.666540943364829,617,19.91138969790058,No,Sample product description 586
Product_587,Electronics,136.4853820235525,2.723940882053185,927,22.19519161599558,No,Sample product description 587
Product_588,Home,331.8009656252332,2.2754672732845553,799,44.67972932250658,No,Sample product description 588
Product_589,Electronics,169.3431314701005,3.3287949863764554,261,32.902749193061034,No,Sample product description 589
Product_590,Electronics,389.0018315864343,2.4846896937505103,175,0.40295516710598944,Yes,Sample product description 590
Product_591,Electronics,74.12809375199141,3.404296667200932,165,47.15874114806425,No,Sample product description 591
Product_592,Sports,485.2123120884869,3.8223434505752985,656,11.857223298885561,Yes,Sample product description 592
Product_593,Books,232.35687527798322,3.7536200739685475,841,5.380709237992942,Yes,Sample product description 593
Product_594,Home,125.66472703976734,2.4982115480804854,369,38.40640891904411,No,Sample product description 594
Product_595,Sports,46.0134061917062,1.6674408067950113,794,25.023865793335908,Yes,Sample product description 595
Product_596,Sports,93.18137349289496,2.72211735384883,53,21.688528300900877,Yes,Sample product description 596
Product_597,Sports,264.68923479244864,1.570376576327635,689,12.475153984137089,Yes,Sample product description 597
Product_598,Sports,175.13155645133028,4.560388140735233,418,27.37357449311593,No,Sample product description 598
Product_599,Sports,416.15284928247866,2.3835098429514296,755,13.719230260129372,Yes,Sample product description 599
Product_600,Clothing,221.13488659428492,1.6178389888932951,506,45.07915026435338,Yes,Sample product description 600
Product_601,Home,131.86999356793865,1.1017910396230035,340,10.76022398665964,No,Sample product description 601
Product_602,Sports,312.4010434359747,3.583289545145937,126,44.21775752278768,No,Sample product description 602
Product_603,Home,356.32083627386845,3.547609269818973,408,27.970271286367847,Yes,Sample product description 603
Product_604,Clothing,91.85053487146543,2.3624166663251667,923,41.42440669476205,No,Sample product description 604
Product_605,Clothing,92.13341598127566,1.286847555390604,366,35.64229979304775,Yes,Sample product description 605
Product_606,Home,27.968999197436055,2.638515579580928,270,34.83475557183743,Yes,Sample product description 606
Product_607,Electronics,370.83698738216384,2.2448699802535743,643,16.217290384752786,Yes,Sample product description 607
Product_608,Books,335.2642185346845,3.7084825589400374,604,11.694846573610175,No,Sample product description 608
Product_609,Electronics,242.5691291174088,3.4231169978107614,378,10.544311384039407,Yes,Sample product description 609
Product_610,Electronics,423.64351999490657,2.45837491279016,72,42.859582852979436,No,Sample product description 610
Product_611,Electronics,404.7783749455261,1.8715702170199604,922,41.021341012951,No,Sample product description 611
Product_612,Sports,296.82363855440855,4.952143864622368,921,22.028676400615367,Yes,Sample product description 612
Product_613,Clothing,435.45292745149675,2.8160064847844595,914,6.62023067482273,No,Sample product description 613
Product_614,Electronics,110.86219291801645,3.753096943120948,247,19.112612598872918,No,Sample product description 614
Product_615,Clothing,64.84061350488666,1.562211870313443,859,30.96717270684557,No,Sample product description 615
Product_616,Home,142.17730964332492,2.942358798637591,784,22.72015772399764,No,Sample product description 616
Product_617,Books,37.97255948376428,1.110146879477862,42,39.00946342414975,No,Sample product description 617
Product_618,Home,270.2730687205057,3.0218204716418,376,49.881141112569274,Yes,Sample product description 618
Product_619,Home,468.93678922453114,4.856069628470809,40,9.556604422444842,No,Sample product description 619
Product_620,Sports,29.278334927569727,2.536826851943201,169,22.982540982978623,Yes,Sample product description 620
Product_621,Books,69.83385786491313,1.1559840502996463,945,21.549195096041103,Yes,Sample product description 621
Product_622,Home,231.5775238588833,1.1238231636773741,211,15.22462663744754,Yes,Sample product description 622
Product_623,Home,467.59875858867343,2.551947039787478,492,9.90477583601448,Yes,Sample product description 623
Product_624,Books,164.91649143860775,1.6400997458527762,679,3.284605824482961,Yes,Sample product description 624
Product_625,Books,258.5450562573123,1.0934083853127436,38,44.35596586118492,Yes,Sample product description 625
Product_626,Home,30.370700934692128,4.024854455800707,368,20.99243488431588,No,Sample product description 626
Product_627,Books,82.68816847142354,2.8340920355275627,756,24.844775925002445,No,Sample product description 627
Product_628,Home,493.44876024983495,2.156979087890618,150,45.84710241004579,No,Sample product description 628
Product_629,Home,482.9081612536623,4.600332732065922,110,38.81452387579739,Yes,Sample product description 629
Product_630,Sports,12.42059065786071,1.4645558408021024,479,6.525063205859211,No,Sample product description 630
Product_631,Electronics,476.3877748573871,4.823675315821276,435,28.27099838038712,No,Sample product description 631
Product_632,Home,323.1687695295952,2.2558668695094113,46,22.112613825977956,No,Sample product description 632
Product_633,Clothing,435.27996431481085,4.553614689234725,574,39.86055362893814,Yes,Sample product description 633
Product_634,Electronics,232.82252926059095,3.411771505917846,736,36.21162738059746,No,Sample product description 634
Product_635,Electronics,262.64205400383264,4.30682943896595,365,34.5202860955536,Yes,Sample product description 635
Product_636,Electronics,249.5348243258909,4.936052652841857,68,17.027241773994845,No,Sample product description 636
Product_637,Sports,336.76348619759113,2.153621751274983,298,40.24818651996272,Yes,Sample product description 637
Product_638,Home,78.42911483059332,4.844541941630371,943,2.619564779743061,Yes,Sample product description 638
Product_639,Sports,24.687059037612197,2.5579275796096814,801,7.981245071608361,Yes,Sample product description 639
Product_640,Home,160.88567137968354,2.5420476189476893,295,16.781163648895586,No,Sample product description 640
Product_641,Sports,355.2935737409569,2.3615484170180228,202,3.8403720534640637,No,Sample product description 641
Product_642,Sports,108.9081915402447,3.165630429390341,60,11.74971387673458,Yes,Sample product description 642
Product_643,Clothing,339.9818923292095,1.6165801727139484,945,41.50754914989591,No,Sample product description 643
Product_644,Sports,485.25690259256254,3.2148459414320447,962,47.41257688950397,Yes,Sample product description 644
Product_645,Books,56.01135073681501,3.166819249640016,829,15.230117788709524,Yes,Sample product description 645
Product_646,Clothing,339.57503793031185,4.04760725041948,313,13.225790199441912,No,Sample product description 646
Product_647,Sports,227.43760745923987,4.334599847750342,160,13.994632612321345,No,Sample product description 647
Product_648,Electronics,435.38970464497766,2.761765401249696,330,13.885954367542192,No,Sample product description 648
Product_649,Books,96.8033968292191,2.209332997405975,527,1.7965091092986496,Yes,Sample product description 649
Product_650,Books,349.38671659082064,2.037339589268378,337,46.345817316555404,Yes,Sample product description 650
Product_651,Books,420.67649192757403,1.7784953468194877,605,10.68490707851642,No,Sample product description 651
Product_652,Clothing,472.8609675422714,1.2305903287960995,303,21.00020370407025,Yes,Sample product description 652
Product_653,Sports,344.79153386192644,2.3697919153388534,502,0.48434413704838697,No,Sample product description 653
Product_654,Sports,253.6156343641294,2.080990768523133,649,42.89775454575286,Yes,Sample product description 654
Product_655,Electronics,312.7451476985948,4.865669543465629,337,36.55786722274586,No,Sample product description 655
Product_656,Electronics,435.76344239457194,3.2308353050001757,549,47.33780175868516,No,Sample product description 656
Product_657,Books,289.59877585302655,2.38910815612203,638,39.08077395981995,Yes,Sample product description 657
Product_658,Electronics,24.889659251450063,3.321870403974784,274,15.685325602603262,No,Sample product description 658
Product_659,Clothing,466.1648607984191,1.556786805382782,163,12.393667936421181,No,Sample product description 659
Product_660,Sports,347.86810800546493,2.7761749968088116,442,34.88581537766465,Yes,Sample product description 660
Product_661,Books,341.4915590308508,3.5049372856842553,318,18.205638750524972,No,Sample product description 661
Product_662,Electronics,115.68082467488142,2.9555913271698055,588,28.310750787630827,Yes,Sample product description 662
Product_663,Clothing,332.85388041400205,2.607115202617297,503,0.31287355132351147,No,Sample product description 663
Product_664,Clothing,202.99355877053765,4.975393555598792,685,3.0942850840237623,Yes,Sample product description 664
Product_665,Electronics,329.1041587503311,4.521259048595708,386,26.76839705908256,No,Sample product description 665
Product_666,Sports,62.230584850915456,3.4936238326377604,969,28.303582322408253,No,Sample product description 666
Product_667,Electronics,332.34419925548764,3.277509444729131,869,37.572647222967184,No,Sample product description 667
Product_668,Books,499.71272562762664,3.482641919298336,832,6.598265981198087,No,Sample product description 668
Product_669,Electronics,33.62389904167245,1.805248431289733,887,25.65915418783894,Yes,Sample product description 669
Product_670,Clothing,488.81535026844546,2.5805509730572744,602,9.72238222158443,Yes,Sample product description 670
Product_671,Electronics,209.3849007542066,1.1578381315635973,749,4.6598059781347345,Yes,Sample product description 671
Product_672,Sports,436.66919066525696,2.9021841499473067,775,20.52478970302773,Yes,Sample product description 672
Product_673,Home,393.36888718855397,3.1720983358306527,690,8.166832404452862,Yes,Sample product description 673
Product_674,Electronics,287.83796788346723,1.9109989444128384,493,11.08909890961593,Yes,Sample product description 674
Product_675,Sports,371.84011253315,4.8561153886620545,489,15.877728993475088,Yes,Sample product description 675
Product_676,Sports,440.47262503766046,4.637818443748968,720,12.969420037159813,No,Sample product description 676
Product_677,Clothing,208.02875760900616,3.8885729418236235,72,4.37956487029732,No,Sample product description 677
Product_678,Sports,170.24624916598697,3.1335465150614503,508,4.495812242985115,No,Sample product description 678
Product_679,Sports,337.1207589261565,4.47987663859074,389,9.66247076170841,No,Sample product description 679
Product_680,Sports,405.8445115512167,1.5226093752938517,618,2.5279593979769475,Yes,Sample product description 680
Product_681,Sports,383.5197160405417,4.16203917709954,856,31.322850983846358,Yes,Sample product description 681
Product_682,Books,400.9286879407309,1.4992832558673932,294,14.366335825445098,Yes,Sample product description 682
Product_683,Books,223.43582425833716,4.176842650197622,368,13.987298388453551,No,Sample product description 683
Product_684,Clothing,410.7387659257606,2.103070273005428,955,16.599914711888257,Yes,Sample product description 684
Product_685,Electronics,68.90243713159813,4.508362324072756,795,33.13981371048608,No,Sample product description 685
Product_686,Sports,276.7996580008163,4.776168375301591,864,43.531694074174524,Yes,Sample product description 686
Product_687,Electronics,12.82174364407957,1.5951838776204625,693,37.95434662778192,Yes,Sample product description 687
Product_688,Electronics,169.04705665113244,2.850702420261574,548,36.376461511254746,Yes,Sample product description 688
Product_689,Clothing,189.56615208698497,4.92394951265074,648,24.219559280042464,Yes,Sample product description 689
Product_690,Sports,204.12461888853514,2.9336297438925865,849,34.690277848370584,No,Sample product description 690
Product_691,Sports,350.7789312780325,4.45419009005818,567,27.638118401679158,No,Sample product description 691
Product_692,Home,200.3934696224694,3.3549260885252794,186,10.812526409326445,Yes,Sample product description 692
Product_693,Electronics,229.85987508504002,2.5013196316784074,852,10.429418387052536,No,Sample product description 693
Product_694,Electronics,126.39662412842046,2.143134222103481,769,14.819600343764172,Yes,Sample product description 694
Product_695,Books,192.89337789837663,1.812892364344349,444,45.540133548490665,Yes,Sample product description 695
Product_696,Home,121.36211735894422,4.047192765510789,569,27.370742018986295,Yes,Sample product description 696
Product_697,Books,45.86600264653738,2.5461620272921115,362,36.69526885009347,Yes,Sample product description 697
Product_698,Books,305.68981075687515,3.0451018488030046,122,17.32793799082738,No,Sample product description 698
Product_699,Books,337.42427129195795,2.9693019200047277,187,20.385788533261263,Yes,Sample product description 699
Product_700,Clothing,313.5502695447111,3.309116116932525,741,6.278278931862569,Yes,Sample product description 700
Product_701,Clothing,237.11208146228046,4.462308582498209,679,8.564747891083519,No,Sample product description 701
Product_702,Books,196.09503228782262,4.922957374333718,419,41.36782774130728,Yes,Sample product description 702
Product_703,Home,433.0334882901944,2.6303368342952678,625,29.241931584444103,No,Sample product description 703
Product_704,Electronics,264.35007471674686,4.310075688425212,251,16.876623294190946,Yes,Sample product description 704
Product_705,Home,244.79912003856816,4.058111178618871,618,40.1425604497773,Yes,Sample product description 705
Product_706,Sports,22.564612245153487,3.294115805822293,548,12.32599528189915,Yes,Sample product description 706
Product_707,Clothing,177.21143553681662,4.824188574447732,334,48.80163493001019,Yes,Sample product description 707
Product_708,Electronics,196.29585320506996,1.8018980621136111,91,17.240880387308486,Yes,Sample product description 708
Product_709,Electronics,205.42316263948123,1.4370568412384856,529,16.86554770756138,Yes,Sample product description 709
Product_710,Sports,294.2844609213928,4.415847867821689,865,15.595595276835262,No,Sample product description 710
Product_711,Sports,271.46524789617047,2.756599266534993,62,6.105575796214397,Yes,Sample product description 711
Product_712,Books,307.87349546878784,4.387875416828242,661,5.556857366600621,No,Sample product description 712
Product_713,Clothing,384.79279815564286,4.572360820781659,511,32.40525172670617,No,Sample product description 713
Product_714,Clothing,408.3630119708858,1.2498303744762858,138,43.75590222790235,Yes,Sample product description 714
Product_715,Home,361.88030735098226,4.533859051944242,697,39.526025513583676,No,Sample product description 715
Product_716,Books,478.206611017918,2.7932762214776887,184,7.0553797010675545,Yes,Sample product description 716
Product_717,Books,18.9339655114172,3.041729956016929,204,27.27910608960332,No,Sample product description 717
Product_718,Books,105.93121298493759,3.506370044372841,771,5.279577298832,Yes,Sample product description 718
Product_719,Books,13.705808739289639,4.7055304269203475,213,2.2647321806538723,No,Sample product description 719
Product_720,Clothing,327.26260993575545,1.0764643777190561,255,32.81929296923836,No,Sample product description 720
Product_721,Clothing,450.0349689854936,2.9073738732712684,134,26.757616684017517,Yes,Sample product description 721
Product_722,Books,129.30632532238664,3.7508881697222427,572,4.101184260573543,No,Sample product description 722
Product_723,Home,464.24692695019024,3.890827830792914,874,1.7469623202994222,Yes,Sample product description 723
Product_724,Electronics,39.531021241884815,3.770129726148432,821,49.48782067046673,Yes,Sample product description 724
Product_725,Electronics,467.873653134702,1.5377405176324874,87,1.5010666074535939,Yes,Sample product description 725
Product_726,Home,182.29511674742085,2.197582353486725,835,22.22641265250798,Yes,Sample product description 726
Product_727,Books,59.696205940116094,2.434862101668054,987,25.23095123038478,Yes,Sample product description 727
Product_728,Clothing,248.07716200129957,4.21774883071802,206,5.864007390022252,No,Sample product description 728
Product_729,Electronics,135.82051818304888,2.115039489658212,128,8.453088921985813,No,Sample product description 729
Product_730,Sports,149.5877219613422,1.8428198554688127,822,17.590250320517626,No,Sample product description 730
Product_731,Sports,160.57208281388043,4.829792076152385,2,38.08379381068313,Yes,Sample product description 731
Product_732,Home,403.4826899380051,1.0354531404538756,973,25.354121203013335,No,Sample product description 732
Product_733,Books,274.1890255708747,4.991283422727912,933,31.895093727648078,No,Sample product description 733
Product_734,Electronics,162.5407725864418,3.7072851954295825,753,49.25872775453374,No,Sample product description 734
Product_735,Books,309.06355382235,4.313877197796469,120,38.400271765660484,No,Sample product description 735
Product_736,Electronics,360.91383036936486,2.1784775853847727,384,21.718074907060885,No,Sample product description 736
Product_737,Home,143.58576035943153,1.05726111066824,613,22.322096089827436,Yes,Sample product description 737
Product_738,Home,212.63905974742224,3.95147807424612,37,30.93860385205025,Yes,Sample product description 738
Product_739,Sports,69.7241857351043,4.336578388002703,340,33.26826042094522,No,Sample product description 739
Product_740,Books,98.76318127199336,3.9619045278140765,924,25.035546291833565,Yes,Sample product description 740
Product_741,Sports,343.74774844284156,1.5714011492033544,644,32.243061140749,Yes,Sample product description 741
Product_742,Books,98.9047903708572,4.013711689027876,713,1.1766247207049385,No,Sample product description 742
Product_743,Sports,267.33005799685947,4.075691128430564,859,21.481143194842208,No,Sample product description 743
Product_744,Clothing,357.432668243992,3.6341620626802196,20,13.946903803673838,Yes,Sample product description 744
Product_745,Clothing,62.36969231642448,4.064463731182345,241,6.458722262155519,No,Sample product description 745
Product_746,Clothing,287.9829876181627,4.383685758710929,454,4.977325640438757,Yes,Sample product description 746
Product_747,Clothing,135.71576401366826,3.4544164569498337,962,30.159608280733373,Yes,Sample product description 747
Product_748,Electronics,481.83416886641413,1.3544188558787162,620,26.180027357630586,No,Sample product description 748
Product_749,Clothing,246.93736689276312,2.9505112386688435,302,12.679205849818459,Yes,Sample product description 749
Product_750,Home,404.93634938982746,1.3105973386864203,595,23.547502938625726,Yes,Sample product description 750
Product_751,Home,279.61100565656824,2.6301721241297233,594,24.611615759120415,Yes,Sample product description 751
Product_752,Electronics,31.27214109886139,2.6284259565025105,802,9.750449021930791,No,Sample product description 752
Product_753,Clothing,320.24417404107095,1.2640393765609663,963,32.60465309408253,No,Sample product description 753
Product_754,Clothing,476.18763768126195,2.3952821358779173,68,39.04596781930452,No,Sample product description 754
Product_755,Clothing,304.7897918717023,1.4439923951652593,128,39.57317704447595,No,Sample product description 755
Product_756,Sports,411.4025411191272,4.232940840036889,195,30.123491535172754,Yes,Sample product description 756
Product_757,Books,443.26116704071984,4.7907521038578835,139,25.581929125950705,No,Sample product description 757
Product_758,Sports,121.75908825497692,1.2892659010317544,443,3.0503571502697446,No,Sample product description 758
Product_759,Books,113.90197155503105,4.820460829166805,282,14.391564942580292,No,Sample product description 759
Product_760,Clothing,309.38068453698594,3.0903063973469806,311,4.663572338908494,No,Sample product description 760
Product_761,Clothing,211.4039502052853,2.1982627118154956,745,48.19115804392368,Yes,Sample product description 761
Product_762,Sports,421.53203840469297,1.307448301104654,534,6.754007311288035,Yes,Sample product description 762
Product_763,Sports,451.0113304650255,3.0024970722816713,664,7.588770492555103,Yes,Sample product description 763
Product_764,Books,183.17647585833188,4.178062177962994,276,44.47883091652461,No,Sample product description 764
Product_765,Home,126.06657389749621,3.8283459090667926,60,47.196414173822895,No,Sample product description 765
Product_766,Books,392.4575024694923,1.200904045855895,318,38.291451961745494,Yes,Sample product description 766
Product_767,Sports,144.6549574185867,1.291607341471614,889,0.2702461836334935,No,Sample product description 767
Product_768,Sports,413.08101607170244,2.6114931305305484,51,0.067313547828185,No,Sample product description 768
Product_769,Electronics,217.63174428789378,2.181161976191773,855,18.90503848937254,Yes,Sample product description 769
Product_770,Sports,337.0994506528205,1.9295372922241913,152,7.1697685005446266,Yes,Sample product description 770
Product_771,Electronics,56.812303778987406,2.1240179956348544,748,0.9193071075798642,No,Sample product description 771
Product_772,Home,315.6910690915208,4.213930973187539,310,23.203334470225233,No,Sample product description 772
Product_773,Books,231.36616258124226,4.716912214527415,813,47.153094870348575,No,Sample product description 773
Product_774,Books,297.4381469559823,2.6204107781102657,543,16.19097874512157,Yes,Sample product description 774
Product_775,Electronics,92.32696179498308,4.624444008529988,566,33.05703392143482,Yes,Sample product description 775
Product_776,Books,371.06813502264924,2.285982804991528,863,32.611767656622035,Yes,Sample product description 776
Product_777,Sports,432.77056799618197,2.9057479453751665,388,12.554005183258388,Yes,Sample product description 777
Product_778,Clothing,116.20250204448007,1.9041159912639989,547,32.521262441193215,No,Sample product description 778
Product_779,Electronics,56.90013220487925,3.561904168703376,621,10.616698714344563,Yes,Sample product description 779
Product_780,Books,21.582907162704835,4.915924460699236,176,6.1003706788444525,Yes,Sample product description 780
Product_781,Electronics,324.56603521720035,3.4139723841735146,361,35.069164277984505,No,Sample product description 781
Product_782,Electronics,307.4760776835026,2.4312563364541955,313,5.672040855195837,No,Sample product description 782
Product_783,Clothing,277.8817322298943,3.5912697839621135,806,49.84546092946777,No,Sample product description 783
Product_784,Sports,123.65407709682795,1.4916827138615503,847,9.172620057511466,Yes,Sample product description 784
Product_785,Electronics,201.5439379937022,4.5546363210615946,96,29.707093137822877,No,Sample product description 785
Product_786,Books,301.2934042412248,3.0123358031193455,880,20.568728570629467,No,Sample product description 786
Product_787,Home,253.415760840993,2.7973989681585683,212,6.319321120283355,Yes,Sample product description 787
Product_788,Electronics,494.01490490529477,3.3434591538140768,828,1.3921953788706698,Yes,Sample product description 788
Product_789,Electronics,76.85547875279923,3.49913545115761,136,31.136614114641663,No,Sample product description 789
Product_790,Clothing,350.62083148332096,1.2871032249060521,5,40.337878189456305,Yes,Sample product description 790
Product_791,Sports,208.11619637110314,3.7304688848936096,108,42.1007830753372,No,Sample product description 791
Product_792,Home,219.81781131355123,1.9677267212621183,546,24.135673653846723,No,Sample product description 792
Product_793,Books,361.62290517250636,3.855810530026359,38,38.87277335911928,Yes,Sample product description 793
Product_794,Home,349.29371414894115,4.290139177536787,661,33.64235667442724,No,Sample product description 794
Product_795,Books,495.71543691407226,4.215834030210081,424,36.21272637495666,Yes,Sample product description 795
Product_796,Sports,72.91320183252137,3.2100038696315565,629,24.629950261090706,Yes,Sample product description 796
Product_797,Books,61.0137281982415,3.0806795692430047,260,31.670587012106356,Yes,Sample product description 797
Product_798,Clothing,364.92602039308315,1.5715038453576469,425,40.276295678802846,No,Sample product description 798
Product_799,Clothing,293.40958933314045,4.101384601612542,86,19.89420877785115,Yes,Sample product description 799
Product_800,Clothing,144.33872661430487,2.0856375217868575,464,40.298945043379184,Yes,Sample product description 800
Product_801,Clothing,48.91549080460344,2.986781691271786,75,29.600842139453142,No,Sample product description 801
Product_802,Home,51.972542302250964,2.137096371710067,470,8.295051218539312,No,Sample product description 802
Product_803,Sports,448.153528585418,1.5353134519987726,975,1.2342078612292307,No,Sample product description 803
Product_804,Books,104.01498911218403,3.5182307875669463,962,18.137680019957603,No,Sample product description 804
Product_805,Books,168.45206543660518,1.2173281392916153,413,27.33481641481699,Yes,Sample product description 805
Product_806,Clothing,121.06163709122413,3.9945809365048,824,41.99101761017442,Yes,Sample product description 806
Product_807,Clothing,183.94818985764928,2.2703471810444666,894,6.37428400701231,Yes,Sample product description 807
Product_808,Electronics,44.01768294558575,1.0005387720179413,725,40.010317384178954,No,Sample product description 808
Product_809,Sports,264.3392975450525,3.044516556948919,456,43.15045230336135,No,Sample product description 809
Product_810,Home,43.1301561601853,1.1874076341104125,284,7.5343743500416895,Yes,Sample product description 810
Product_811,Books,402.17468883295714,2.104678231283598,238,42.57971596521095,No,Sample product description 811
Product_812,Electronics,124.51892013611219,3.8279059498228647,676,49.5726783921396,No,Sample product description 812
Product_813,Electronics,274.6058381562102,1.2507584864874635,598,36.341941552411875,Yes,Sample product description 813
Product_814,Books,441.23875290511455,4.357353969424009,652,39.2384840912494,Yes,Sample product description 814
Product_815,Home,328.9299108331251,1.0152796906343324,671,49.72076337794367,No,Sample product description 815
Product_816,Electronics,271.1493154101543,1.987295476807609,557,30.274062526297268,No,Sample product description 816
Product_817,Electronics,168.92353902653406,3.9636162246082858,371,15.39431910081247,No,Sample product description 817
Product_818,Sports,173.170937398517,2.265080598917227,494,41.876541703802786,Yes,Sample product description 818
Product_819,Home,338.04860804711313,1.4075695522640541,623,30.724288875581564,Yes,Sample product description 819
Product_820,Electronics,497.12828699837206,2.4409356752017115,918,29.05977118604783,Yes,Sample product description 820
Product_821,Home,334.30120302619554,2.081573145538102,44,12.681777775701914,Yes,Sample product description 821
Product_822,Books,283.3138745113122,4.37084760864222,400,37.81671347914433,Yes,Sample product description 822
Product_823,Clothing,368.0187500172306,2.2533916703405725,246,4.083363793004812,No,Sample product description 823
Product_824,Electronics,237.95075001902188,4.1557298871040285,615,46.21435353973306,No,Sample product description 824
Product_825,Sports,39.46974787438475,4.567488579242939,596,16.29117303852424,No,Sample product description 825
Product_826,Books,285.5254397801758,2.735269678306118,449,6.388732639499523,Yes,Sample product description 826
Product_827,Home,479.2363894076363,4.6397725754175685,484,22.11832665512094,Yes,Sample product description 827
Product_828,Books,95.89844175525323,2.5092722158527714,645,2.123495462826658,Yes,Sample product description 828
Product_829,Electronics,348.1023965021262,4.856313665960433,619,34.231309713248315,No,Sample product description 829
Product_830,Home,108.45750744293767,1.3571580981022917,17,45.13527552226781,Yes,Sample product description 830
Product_831,Clothing,272.5555653918098,3.748077066012971,605,41.86315035692544,Yes,Sample product description 831
Product_832,Books,57.37146032689262,2.9752561618277147,661,6.368473672394054,No,Sample product description 832
Product_833,Electronics,230.6817587665107,2.5505952218225882,757,6.313556855386593,Yes,Sample product description 833
Product_834,Sports,380.5200311586706,3.5308475149944036,288,40.671724116213205,No,Sample product description 834
Product_835,Home,180.31004687710123,3.8154283665373248,413,46.2127137301558,Yes,Sample product description 835
Product_836,Books,335.80674499873686,1.0174530786012363,720,23.033491491674457,Yes,Sample product description 836
Product_837,Books,399.7704807869673,1.6678123549887949,637,24.948555845688297,No,Sample product description 837
Product_838,Clothing,464.3171315449318,3.852184202537275,234,15.913102069286294,No,Sample product description 838
Product_839,Clothing,124.97462010917224,3.665541654312826,415,44.7132559128207,No,Sample product description 839
Product_840,Sports,205.664798746561,4.864190020514709,937,32.2451452646178,No,Sample product description 840
Product_841,Sports,84.68384653190454,4.044151161003132,498,14.412578858368425,No,Sample product description 841
Product_842,Electronics,496.31691605760386,4.803090830925353,973,14.939143552712581,No,Sample product description 842
Product_843,Electronics,464.2304742829047,3.810162006139228,633,44.56000365318012,Yes,Sample product description 843
Product_844,Sports,274.5789938374742,2.1922088345577726,649,0.6817011952910734,Yes,Sample product description 844
Product_845,Sports,422.59631424444643,1.421459689003426,114,16.13632863633192,No,Sample product description 845
Product_846,Home,265.26940886330067,4.127295453379743,931,27.717834060818454,Yes,Sample product description 846
Product_847,Clothing,315.5569871213523,3.5765968859036636,673,7.410873104966232,No,Sample product description 847
Product_848,Electronics,53.670971736848145,1.192744049573185,712,4.60493770997949,Yes,Sample product description 848
Product_849,Clothing,380.0825060434359,2.4402018636039133,233,40.763816554528,No,Sample product description 849
Product_850,Clothing,72.57960698126507,4.827199261937144,539,44.72021943242536,Yes,Sample product description 850
Product_851,Sports,414.7731388237389,3.001604582840805,10,41.18032103990947,Yes,Sample product description 851
Product_852,Home,393.1937629584891,2.7309165440788186,205,44.939394486867386,Yes,Sample product description 852
Product_853,Books,357.28490189405846,2.830798420637176,678,27.655598552918576,Yes,Sample product description 853
Product_854,Home,27.718586457133437,1.835530896020655,246,40.61290604951709,Yes,Sample product description 854
Product_855,Home,158.532894413211,2.474828683459181,558,19.202131919555022,No,Sample product description 855
Product_856,Clothing,138.925159256313,2.4792530239487065,757,33.31339307395192,No,Sample product description 856
Product_857,Home,186.46683966104436,1.2094200807498896,126,49.44177656945822,No,Sample product description 857
Product_858,Electronics,52.944945914280886,4.070270514071673,146,11.286386191956371,Yes,Sample product description 858
Product_859,Clothing,469.10933328522077,2.666017727615516,117,19.49498731455403,No,Sample product description 859
Product_860,Electronics,281.36309794906435,4.288719547265693,910,24.00236886550428,Yes,Sample product description 860
Product_861,Books,159.70691222243153,4.401392004479582,381,6.900774351002586,Yes,Sample product description 861
Product_862,Clothing,204.52094336639888,1.8479762187946323,411,4.051930523252839,Yes,Sample product description 862
Product_863,Books,229.12924484736948,3.6294139286805143,663,41.48614331608122,No,Sample product description 863
Product_864,Clothing,304.29122334670245,2.889127216651927,583,48.83971864137931,Yes,Sample product description 864
Product_865,Sports,262.68291957128395,4.520626951685941,362,20.236253191482934,No,Sample product description 865
Product_866,Home,460.5020668750645,1.8629627167058165,508,4.382491809732664,No,Sample product description 866
Product_867,Sports,253.51210662385682,3.711252801240177,136,3.290588034528824,Yes,Sample product description 867
Product_868,Books,496.1574272634232,3.4310084890108903,174,44.565910318014936,Yes,Sample product description 868
Product_869,Home,427.1982292950969,2.181205910287331,288,23.190712486383998,No,Sample product description 869
Product_870,Clothing,112.17015203509455,1.5464036146046904,957,16.001365828119596,No,Sample product description 870
Product_871,Home,465.991655175519,3.6065590419091063,480,23.823063561969978,No,Sample product description 871
Product_872,Electronics,67.01953496388329,3.9543898325293227,18,15.915204734617367,No,Sample product description 872
Product_873,Home,410.55035716068386,2.2625093750534,194,24.451788765381,No,Sample product description 873
Product_874,Electronics,196.50541380352425,3.579330416089255,329,42.97781984589684,No,Sample product description 874
Product_875,Home,440.2074170180841,2.580523630446013,935,29.615068553104784,Yes,Sample product description 875
Product_876,Electronics,435.3477781526507,3.852827533130471,174,34.73268864050877,No,Sample product description 876
Product_877,Books,404.90344605763437,1.7968610995762124,448,18.23353381171683,No,Sample product description 877
Product_878,Sports,397.1149137904601,4.5608600105446975,924,36.925293925525935,No,Sample product description 878
Product_879,Clothing,159.29277815804,2.149638385862319,945,33.330854243968616,No,Sample product description 879
Product_880,Home,49.65044869511357,2.4711439510246116,353,5.978099887602823,Yes,Sample product description 880
Product_881,Sports,207.46028759492913,1.2323678083213991,498,28.63214265577923,Yes,Sample product description 881
Product_882,Clothing,95.02701234338925,1.4460488492851056,140,12.8371748154879,No,Sample product description 882
Product_883,Clothing,350.52603356220624,3.0634476108493125,757,40.20478348167964,No,Sample product description 883
Product_884,Electronics,179.5888660035149,2.070370706911886,896,21.29688542334697,No,Sample product description 884
Product_885,Books,488.0489984213583,4.341920902968777,929,49.734208259824356,Yes,Sample product description 885
Product_886,Books,324.0763178992127,1.0587735546198154,92,4.625021896948189,Yes,Sample product description 886
Product_887,Sports,413.01547618083686,2.5163761946877448,943,39.01739313700793,Yes,Sample product description 887
Product_888,Books,74.93708964350573,2.3493821870763707,238,33.685086677107826,Yes,Sample product description 888
Product_889,Home,432.38709631358506,1.0773105236704041,204,38.37494152953527,Yes,Sample product description 889
Product_890,Books,462.1510233515632,1.4974735960020409,559,15.376489774522817,Yes,Sample product description 890
Product_891,Sports,248.6603402212786,2.654570699674541,432,24.60272446912003,No,Sample product description 891
Product_892,Books,307.06393949797894,2.9714583377897865,244,39.82542598618542,Yes,Sample product description 892
Product_893,Home,384.75680244246774,2.6171589890194764,831,11.62706658104275,Yes,Sample product description 893
Product_894,Electronics,95.67092735760215,3.1237507136483753,316,11.301659839432604,No,Sample product description 894
Product_895,Sports,256.2573774670868,3.380526699622726,924,27.55254766474662,Yes,Sample product description 895
Product_896,Electronics,205.34488360843343,1.0396952845113425,294,26.178178976492788,No,Sample product description 896
Product_897,Electronics,81.72325615950207,2.8563806378140155,639,14.113123520646642,Yes,Sample product description 897
Product_898,Electronics,190.09186692285041,4.853996963550353,855,14.903782526241137,No,Sample product description 898
Product_899,Clothing,43.40443159889185,3.076129120518195,281,13.892258160328275,No,Sample product description 899
Product_900,Clothing,22.647834405248624,3.7101690698358127,16,38.57560309992438,No,Sample product description 900
Product_901,Electronics,76.23148168586316,2.247455431667533,70,32.59504327812303,No,Sample product description 901
Product_902,Sports,481.9264046786952,4.09596551261105,268,41.62085917051264,No,Sample product description 902
Product_903,Home,279.2694725885583,4.091685927504461,324,48.77365141570109,Yes,Sample product description 903
Product_904,Home,483.2528589650778,3.085184190616556,793,23.70821481359932,Yes,Sample product description 904
Product_905,Books,221.92396038176466,4.904055293116855,304,3.334694070272443,No,Sample product description 905
Product_906,Sports,162.78990521177718,1.5022008590506135,450,2.4046155206017716,No,Sample product description 906
Product_907,Clothing,258.0095127917196,1.067790659558324,6,14.783251963580957,No,Sample product description 907
Product_908,Electronics,225.36072743012596,4.080632847028384,313,46.62722946762254,Yes,Sample product description 908
Product_909,Books,61.77569528825452,4.228622149459531,816,26.160652748543743,No,Sample product description 909
Product_910,Home,324.00489419820104,1.480828916482305,102,13.589325804006458,No,Sample product description 910
Product_911,Clothing,115.85870942970381,2.0623313318344243,820,19.958339725550978,No,Sample product description 911
Product_912,Clothing,313.5980978999365,1.0702094534665156,192,29.92975537023354,No,Sample product description 912
Product_913,Electronics,328.5985352750952,2.1732344431222588,752,32.64748290689211,Yes,Sample product description 913
Product_914,Home,84.49217803303758,4.092567495674686,573,7.695975489145251,No,Sample product description 914
Product_915,Sports,40.0613172842274,3.0718421108503158,528,48.8515838272588,No,Sample product description 915
Product_916,Clothing,392.5731771735355,2.3923823726731523,170,27.23861134913944,Yes,Sample product description 916
Product_917,Electronics,235.30220764696688,2.486957179625321,536,6.784415889613965,No,Sample product description 917
Product_918,Sports,38.50025979768314,1.0054145028618726,250,44.681762667306685,No,Sample product description 918
Product_919,Home,497.4844954131859,2.1992021102609436,764,3.73192155397144,Yes,Sample product description 919
Product_920,Clothing,38.312474888219654,3.585834966551722,386,45.38677165887564,Yes,Sample product description 920
Product_921,Sports,350.56726214069107,4.896777775265429,206,49.82828281444912,Yes,Sample product description 921
Product_922,Sports,492.0026733790727,4.388243307935598,540,35.02158995782519,No,Sample product description 922
Product_923,Sports,127.19825106580355,1.0943798585821165,628,38.52236105369949,No,Sample product description 923
Product_924,Clothing,79.70219065672613,4.594242418699357,415,16.86514182337432,Yes,Sample product description 924
Product_925,Clothing,69.47862031699016,4.132793653194504,793,47.07884263669669,Yes,Sample product description 925
Product_926,Books,158.6048223081218,4.121504494283922,379,26.48569830541838,Yes,Sample product description 926
Product_927,Home,59.51244739521688,2.831983036014286,143,36.61942232987774,No,Sample product description 927
Product_928,Electronics,349.1590574301246,2.5920211718180113,24,46.20538579556398,No,Sample product description 928
Product_929,Sports,40.52298108373072,2.2116629153327705,821,48.758998798775416,Yes,Sample product description 929
Product_930,Books,259.6168427933969,1.262779435817463,667,41.66021782983372,No,Sample product description 930
Product_931,Electronics,498.3814583879586,1.9129414539747964,72,15.1508753491015,Yes,Sample product description 931
Product_932,Books,408.8454320579492,1.9864145399120985,631,48.32737582760412,No,Sample product description 932
Product_933,Clothing,311.4575247331953,2.9363082788408064,823,31.40597656217859,No,Sample product description 933
Product_934,Sports,160.06427418543973,3.989777626386776,832,46.53212381759799,No,Sample product description 934
Product_935,Electronics,315.70895978290287,2.8952393135917864,92,33.80525129071759,No,Sample product description 935
Product_936,Electronics,268.2503173167093,1.2313777977886424,504,15.361948092386024,Yes,Sample product description 936
Product_937,Electronics,218.78085810628204,4.831159203952815,597,18.501226207140796,No,Sample product description 937
Product_938,Electronics,74.04808460269774,4.770897276376449,335,27.523588855147025,No,Sample product description 938
Product_939,Electronics,444.4360654678287,4.1407581725936335,424,39.5007420779941,Yes,Sample product description 939
Product_940,Books,230.39447792244803,4.965311606256883,498,15.899127567016746,No,Sample product description 940
Product_941,Sports,105.36503079217488,3.1779293312010517,363,28.986558306709604,Yes,Sample product description 941
Product_942,Clothing,190.20208192987192,4.851073401012824,946,17.281249678820075,Yes,Sample product description 942
Product_943,Clothing,212.92357873917425,1.302420162467003,629,40.788470231755355,No,Sample product description 943
Product_944,Clothing,415.4935688277684,2.4627229930454853,744,23.336404688397522,No,Sample product description 944
Product_945,Clothing,369.471046475087,1.9015250720270633,198,3.8361413426442614,Yes,Sample product description 945
Product_946,Books,386.95939788425653,1.7833323365370801,717,8.30262607407682,Yes,Sample product description 946
Product_947,Home,15.405319570037134,1.5632117955707043,412,3.0552333809816146,Yes,Sample product description 947
Product_948,Sports,213.91545910808313,3.4896545662639866,338,24.96514730071626,No,Sample product description 948
Product_949,Electronics,245.85863430130857,4.125287422989221,658,5.3168648674113586,Yes,Sample product description 949
Product_950,Home,19.404215643297775,3.3131935976814426,961,5.706998465481606,Yes,Sample product description 950
Product_951,Clothing,137.30847228506678,1.5878508383528387,936,47.05241300191885,Yes,Sample product description 951
Product_952,Home,382.54201332984616,4.244495079733884,428,43.63275360880277,No,Sample product description 952
Product_953,Sports,77.18375580720954,3.543818828654914,782,22.604329840568298,Yes,Sample product description 953
Product_954,Electronics,272.3019644117699,2.552662824507982,898,49.29026604251029,No,Sample product description 954
Product_955,Electronics,115.44891728844638,3.696521182144252,138,0.009326408533155695,No,Sample product description 955
Product_956,Sports,15.939179575507705,2.0396199169713314,692,30.69897281366969,Yes,Sample product description 956
Product_957,Sports,128.18871422377532,2.380768833976842,941,30.8214088685935,No,Sample product description 957
Product_958,Clothing,488.17813990592634,4.66994337252796,541,22.87215279349441,Yes,Sample product description 958
Product_959,Electronics,402.7531848226649,2.1620180226856816,56,19.84739864671464,No,Sample product description 959
Product_960,Home,480.1925557173064,2.8799530726317464,231,22.76915677403038,No,Sample product description 960
Product_961,Books,249.0484815239176,4.5605645495840585,657,20.748021803984024,Yes,Sample product description 961
Product_962,Books,63.77073735197672,3.83088540107011,434,36.52462387411497,Yes,Sample product description 962
Product_963,Sports,278.50014959710956,1.248812904658811,383,6.767771748664203,Yes,Sample product description 963
Product_964,Clothing,232.64489393438083,1.5892121771158814,559,9.881961029556507,No,Sample product description 964
Product_965,Books,423.7349705424118,1.0313663630876673,193,9.02591141962118,No,Sample product description 965
Product_966,Electronics,58.06046458427985,3.5236871609166536,735,13.123529256063227,Yes,Sample product description 966
Product_967,Sports,249.23815714067132,2.7906937016416733,647,26.262920939079166,Yes,Sample product description 967
Product_968,Home,83.52384570005229,1.5370994036091021,533,5.560437366910937,No,Sample product description 968
Product_969,Sports,169.0912041761294,4.831736484227082,517,43.4084647663252,No,Sample product description 969
Product_970,Home,371.30496792002185,3.1186388957824795,715,14.868076565423616,No,Sample product description 970
Product_971,Sports,243.2488833906956,1.9675731764515567,750,8.126899373435393,Yes,Sample product description 971
Product_972,Sports,194.18525972142697,3.00241428461883,184,33.781065479912165,No,Sample product description 972
Product_973,Sports,203.2933764993173,3.718481330940431,871,1.904315029965964,Yes,Sample product description 973
Product_974,Home,235.12891651893347,1.304956871894258,291,30.998428243708208,No,Sample product description 974
Product_975,Home,394.65810648015787,2.098815260191568,334,34.90992153382499,No,Sample product description 975
Product_976,Sports,447.12149758071484,4.227861963535974,731,10.745826569335959,Yes,Sample product description 976
Product_977,Books,478.11399638692484,2.838659481610645,115,2.0982036721817146,Yes,Sample product description 977
Product_978,Clothing,395.5826592650946,3.1863085681291796,824,18.18226794597248,Yes,Sample product description 978
Product_979,Clothing,164.54937891652622,2.731264008837877,48,4.929711512096824,No,Sample product description 979
Product_980,Clothing,347.1860059824057,1.1755997705720205,684,5.823892483666854,No,Sample product description 980
Product_981,Home,224.42553078714204,1.6629991192806237,81,12.713061572243229,No,Sample product description 981
Product_982,Home,134.7886048025651,2.7821665549675636,833,14.773396231337966,Yes,Sample product description 982
Product_983,Books,422.02707391870206,1.8367418616317113,332,26.49851705107103,No,Sample product description 983
Product_984,Clothing,28.82891099153925,1.199916114638715,556,33.91959427515066,Yes,Sample product description 984
Product_985,Clothing,451.8633761463575,4.374598656207295,334,29.638547043509238,Yes,Sample product description 985
Product_986,Sports,236.12395766611974,4.924770116656463,531,7.41801686447584,Yes,Sample product description 986
Product_987,Home,322.2287236360574,4.172571495986958,959,8.604301622631322,No,Sample product description 987
Product_988,Clothing,333.0834218808335,4.415139686818668,220,43.93846248964572,No,Sample product description 988
Product_989,Books,448.6076929462028,1.9679085212681815,634,27.91761575320568,Yes,Sample product description 989
Product_990,Books,321.96814426193157,4.842507902052799,745,43.49689164488445,No,Sample product description 990
Product_991,Clothing,310.8274565324303,1.7877028178137135,732,18.577325565993718,Yes,Sample product description 991
Product_992,Home,42.65949987473808,4.8057192414473295,322,30.720000371566194,Yes,Sample product description 992
Product_993,Books,264.01993075315,4.979277175863804,850,26.183170802730537,No,Sample product description 993
Product_994,Sports,83.58281040035041,3.846891222984195,2,15.956174491023129,Yes,Sample product description 994
Product_995,Books,371.3425466735279,4.924574927167288,693,23.495768601679767,Yes,Sample product description 995
Product_996,Electronics,260.9887411982105,3.2781591182684147,205,25.124543841346604,No,Sample product description 996
Product_997,Electronics,343.31161181209313,2.0381671327043613,831,10.03854873783393,Yes,Sample product description 997
Product_998,Home,30.41972129516829,2.7479835426624835,39,15.750518618836578,Yes,Sample product description 998
Product_999,Clothing,51.54808786244358,3.374243741515144,58,39.57048752534878,Yes,Sample product description 999
